Month,"Coal, Including Coal Coke Net Imports, CO2 Emissions (Million Metric Tons of Carbon Dioxide)","Natural Gas, Excluding Supplemental Gaseous Fuels, CO2 Emissions (Million Metric Tons of Carbon Dioxide)",Aviation Gasoline CO2 Emissions (Million Metric Tons of Carbon Dioxide),"Distillate Fuel Oil, Excluding Biodiesel, CO2 Emissions (Million Metric Tons of Carbon Dioxide)",Hydrocarbon Gas Liquids CO2 Emissions (Million Metric Tons of Carbon Dioxide),Jet Fuel CO2 Emissions (Million Metric Tons of Carbon Dioxide),Kerosene CO2 Emissions (Million Metric Tons of Carbon Dioxide),Lubricants CO2 Emissions (Million Metric Tons of Carbon Dioxide),"Motor Gasoline, Excluding Ethanol, CO2 Emissions (Million Metric Tons of Carbon Dioxide)",Petroleum Coke CO2 Emissions (Million Metric Tons of Carbon Dioxide),Residual Fuel Oil CO2 Emissions (Million Metric Tons of Carbon Dioxide),Other Petroleum Products CO2 Emissions (Million Metric Tons of Carbon Dioxide),"Petroleum, Excluding Biofuels, CO2 Emissions (Million Metric Tons of Carbon Dioxide)",Total Energy CO2 Emissions (Million Metric Tons of Carbon Dioxide)
1973 January,109.552,125.557,0.428,55.157,10.46,13.742,5.222,1.037,70.948,4.85,48.37,8.754,218.967,454.077
1973 February,98.833,113.75,0.431,51.771,8.846,12.193,4.475,1.025,67.422,3.992,44.686,7.674,202.515,415.098
1973 March,98.483,107.7,0.459,44.46,6.684,12.293,2.582,1.105,75.532,4.357,45.111,8.659,201.24,407.423
1973 April,94.15,97.838,0.446,33.973,5.79,12.112,2.031,0.979,73.415,4.179,35.063,8.23,176.218,368.205
1973 May,95.424,92.039,0.549,35.591,5.486,13.756,1.702,1.156,80.105,4.645,36.889,8.688,188.565,376.028
1973 June,98.888,81.657,0.471,31.175,4.5,12.039,1.464,1.006,78.155,4.872,36.914,8.846,179.439,359.983
1973 July,104.371,82.866,0.419,31.004,4.413,12.941,1.91,1.22,81.449,4.803,35.288,9.082,182.527,369.765
1973 August,106.631,84.098,0.668,34.029,5.229,12.956,1.886,1.187,84.156,5.01,40.315,9.168,194.602,385.331
1973 September,99.436,81.115,0.462,34.466,5.328,12.808,2.296,1.04,73.854,4.341,37.889,8.302,180.784,361.336
1973 October,102.224,90.662,0.55,39.032,6.642,13.631,2.308,1.28,77.434,5.142,37.895,8.591,192.503,385.389
1973 November,102.639,101.315,0.475,45.213,7.982,12.27,3.804,1.135,76.575,4.404,44.706,7.902,204.465,408.419
1973 December,110.014,116.242,0.413,49.169,8.146,13.422,3.065,1.121,72.33,4.543,43.072,8.255,203.534,429.789
1974 January,108.393,119.741,0.441,51.104,8.897,11.072,4.007,1.175,67.314,4.517,44.412,8.129,201.067,429.201
1974 February,98.038,110.109,0.304,46.322,7.241,9.608,3.264,0.979,63.896,4.04,39.528,7.398,182.579,390.726
1974 March,99.523,107.295,0.578,42.161,6.556,11.808,2.29,1.104,71.461,4.732,37.392,7.686,185.766,392.583
1974 April,94.502,90.595,0.445,36.774,5.694,11.234,1.618,1.055,72.467,4.075,34.504,8.126,175.99,361.088
1974 May,97.724,85.88,0.462,32.635,5.102,12.979,0.917,1.17,78.228,3.82,33.064,8.262,176.637,360.241
1974 June,96.07,76.821,0.527,30.639,4.8,11.353,1.428,0.919,77.655,4.123,34.05,8.597,174.089,346.979
1974 July,104.88,80.739,0.479,30.75,4.838,12.706,1.603,1.122,80.706,4.078,36.184,9.549,182.014,367.633
1974 August,105.132,80.445,0.64,30.75,5.068,12.725,1.809,1.014,81.893,4.166,37.005,9.422,184.491,370.067
1974 September,95.599,81.77,0.468,30.76,5.727,13.246,1.716,1.094,71.689,4.494,35.044,8.39,172.626,349.995
1974 October,100.218,90.836,0.557,38.462,6.756,12.484,2.475,1.126,77.843,3.838,38.204,8.857,190.6,381.654
1974 November,96.61,97.414,0.409,40.697,7.343,12.323,2.434,0.978,73.472,4.136,41.561,8.418,191.77,385.794
1974 December,102.597,112.563,0.348,51.342,8.511,12.89,3.141,0.992,76.053,4.454,43.651,8.454,209.836,424.995
1975 January,107.622,120.049,0.341,52.785,8.684,12.899,2.828,1.018,71.971,4.424,47.595,8.335,210.879,438.55
1975 February,98.975,103.804,0.365,45.765,6.932,12.006,2.937,0.716,63.856,4.026,37.645,7.004,181.252,384.031
1975 March,101.683,101.811,0.362,43.842,6.937,12.136,2.15,0.73,73.36,3.992,39.043,7.614,190.166,393.659
1975 April,94.247,84.462,0.41,39.873,5.697,12.044,1.819,0.968,75.397,4.171,31.61,7.281,179.27,357.98
1975 May,92.643,71.138,0.389,31.734,4.153,12.072,1.252,0.946,79.688,3.889,30.531,7.867,172.52,336.301
1975 June,96.166,67.018,0.423,29.234,3.832,11.842,1.644,1.005,79.416,4.029,30.825,7.942,170.189,333.373
1975 July,101.557,69.975,0.504,28.098,4.768,11.793,1.254,0.953,81.651,4.866,32.479,8.992,175.354,346.887
1975 August,104.64,72.856,0.471,28.952,5.079,12.936,1.376,1.035,81.276,4.519,31.559,8.62,175.823,353.319
1975 September,94.139,72.839,0.476,27.905,5.318,12.423,1.556,0.998,75.517,4.358,32.964,8.245,169.759,336.736
1975 October,96.01,82.033,0.471,35.658,6.113,12.309,1.879,1.091,78.602,4.929,33.188,8.252,182.49,360.533
1975 November,98.367,87.228,0.374,32.805,6.425,11.929,1.827,0.832,71.712,4.357,34.057,8.111,172.429,358.024
1975 December,108.982,109.313,0.322,50.525,8.873,11.226,3.541,0.977,78.954,4.541,42.601,8.664,210.222,428.516
1976 January,112.973,122.418,0.301,57.25,9.753,11.751,3.834,0.853,74.202,4.77,45.619,8.659,216.99,452.381
1976 February,100.126,103.688,0.292,46.083,6.757,11.168,2.621,0.914,67.952,4.072,42.111,8.433,190.401,394.215
1976 March,104.008,91.964,0.367,44.482,5.949,11.933,2.042,1.193,79.91,4.519,40.662,8.713,199.768,395.74
1976 April,99.377,80.482,0.387,35.928,4.99,12.079,1.73,1.064,80.351,4.241,35.334,8.403,184.506,364.365
1976 May,99.98,76.373,0.38,33.556,4.558,11.856,1.004,1.016,79.475,4.389,35.69,8.693,180.616,356.969
1976 June,103.527,71.05,0.523,31.412,4.231,11.626,1.501,1.123,83.97,4.128,35.524,9.059,183.096,357.673
1976 July,110.328,72.914,0.424,30.038,4.388,13.59,1.28,1.154,84.836,3.777,37.284,9.407,186.177,369.419
1976 August,111.255,69.972,0.513,29.803,4.812,11.939,1.213,1.012,83.131,5.2,39.184,8.932,185.736,366.963
1976 September,102.154,69.14,0.402,33.761,4.846,12.515,1.862,1.098,79.443,4.429,35.771,8.491,182.615,353.909
1976 October,106.259,85.949,0.396,40.361,6.827,11.268,2.002,1.031,80.357,4.118,37.266,8.381,192.005,384.212
1976 November,110.972,99.76,0.358,47.888,8.191,11.697,2.687,1.017,78.991,3.675,46.061,8.606,209.167,419.899
1976 December,120.216,119.068,0.319,62.175,9.702,12.696,3.92,1.042,82.779,4.23,53.323,9.317,239.503,478.786
1977 January,119.192,128.725,0.276,67.997,10.254,13.053,4.595,0.997,75.059,4.729,55.035,9.146,241.14,489.057
1977 February,105.947,97.524,0.322,56.646,8.587,11.576,3.076,0.784,72.273,3.988,49.143,8.851,215.245,418.716
1977 March,106.716,91.671,0.406,45.848,6.036,12.837,1.855,1.33,80.112,4.809,46.602,9.614,209.446,407.834
1977 April,98.488,76.829,0.385,37.829,4.732,12.157,1.474,1.064,82.434,4.133,40.686,9.698,194.59,369.907
1977 May,104.485,73.406,0.402,37.051,4.499,12.241,1.363,1.193,81.52,4.469,39.93,9.642,192.308,370.199
1977 June,109.769,70.957,0.52,35.701,4.597,11.809,1.223,1.183,85.214,4.14,41.876,9.606,195.868,376.595
1977 July,118.581,70.544,0.566,33.966,4.244,12.88,1.746,1.111,86.277,6.183,41.149,10.471,198.591,387.715
1977 August,115.926,72.559,0.489,35.053,4.589,13.738,1.507,1.24,86.05,4.841,44.604,10.651,202.76,391.245
1977 September,107.742,75.81,0.464,34.982,4.675,12.542,1.608,1.067,82.11,5.123,41.434,9.518,193.522,377.073
1977 October,106.906,80.677,0.373,40.435,6.042,12.565,2.438,1.107,82.693,4.893,39.605,10.147,200.297,387.88
1977 November,107.586,89.925,0.368,44.078,6.856,12.371,2.114,1.065,80.709,4.846,39.907,10.071,202.383,399.895
1977 December,114.381,112.454,0.292,56.009,8.604,13.495,3.542,0.956,85.526,4.399,49.067,10.273,232.161,458.996
1978 January,112.772,126.942,0.308,59.372,9.264,12.145,3.997,0.955,77.483,4.83,51.47,10.17,229.992,469.707
1978 February,94.299,114.279,0.31,58.322,8.145,12.383,3.708,0.981,72.03,4.001,52.513,9.298,221.689,430.266
1978 March,90.23,102.439,0.437,54.709,6.501,13.704,2.578,1.09,84.138,4.641,51.791,10.042,229.629,422.298
1978 April,97.705,82.029,0.385,40.088,4.505,12.096,1.345,1.185,80.832,3.382,42.514,10.47,196.802,376.535
1978 May,105.791,73.494,0.452,41.324,4.479,12.309,1.607,1.254,89.581,4.868,39.305,11.217,206.394,385.68
1978 June,110.876,66.53,0.451,36.566,4.18,12.507,1.133,1.304,88.809,4.318,37.17,11.121,197.556,374.963
1978 July,118.409,70.932,0.475,33.595,4.148,12.542,1.213,1.158,87.859,4.321,40.552,11.248,197.109,386.45
1978 August,121.997,68.33,0.549,37.308,4.18,13.931,1.449,1.294,91.296,4.96,42.851,11.527,209.343,399.67
1978 September,115.694,65.618,0.463,34.353,4.955,12.893,2.178,1.152,83.036,4.504,38.453,11.132,193.116,374.428
1978 October,112.126,76.399,0.46,40.991,6.286,13.2,2.226,1.248,86.375,4.657,38.345,10.749,204.536,393.061
1978 November,112.135,88.074,0.321,46.178,6.563,13.255,2.207,1.266,84.208,4.963,40.281,10.911,210.151,410.36
1978 December,122.148,110.136,0.329,55.356,7.949,12.953,2.934,1.176,86.416,4.612,45.458,11.145,228.325,460.609
1979 January,128.1,129.65,0.264,61,9.783,13.582,4.248,1.204,79.213,4.201,52.084,11.281,236.859,494.61
1979 February,113.964,118.113,0.269,57.884,8.739,12.855,3.926,1.051,75.989,3.861,47.513,10.255,222.341,454.419
1979 March,114.978,100.748,0.398,48.8,7.062,13.633,2.042,1.4,83.836,4.351,47.39,11.274,220.182,435.909
1979 April,108.558,85.245,0.363,38.873,6.021,11.736,1.949,1.298,79.179,3.61,35.501,10.883,189.412,383.215
1979 May,114.205,76.208,0.425,39.912,5.31,12.228,1.782,1.439,83.655,3.837,36.617,12.286,197.488,387.9
1979 June,117.945,69.801,0.26,34.9,5.012,13.088,1.738,1.258,80.703,5.046,36.569,12.064,190.635,378.382
1979 July,126.688,70.921,0.684,34.128,5.037,13.538,1.676,1.187,80.042,4.235,35.864,11.899,188.287,385.896
1979 August,127.473,71.533,0.557,36.764,5.66,13.437,2.035,1.326,85.01,5.905,37.303,11.587,199.583,398.588
1979 September,114.075,70.768,0.489,34.119,5.93,13.169,1.989,1.078,77.224,4.122,36.938,10.759,185.814,370.657
1979 October,116.722,82.84,0.401,41.533,7.027,13.045,2.326,1.309,81.418,4.592,37.155,11.584,200.389,399.951
1979 November,116.83,94.129,0.435,41.855,7.888,12.797,1.906,1.195,76.215,3.915,39.858,11.168,197.231,408.19
1979 December,127.919,110.541,0.316,49.384,8.355,13.644,2.838,0.972,78.053,4.356,44.076,11.679,213.671,452.131
1980 January,132.361,119.235,0.292,49.485,9.852,13.647,3.07,1.23,73.324,4.403,44.881,12.065,212.25,463.846
1980 February,123.941,114.637,0.374,46.262,7.927,12.414,2.788,1.128,71.563,3.624,42.498,11.117,199.695,438.273
1980 March,122.068,109.57,0.349,42.335,7.294,13.782,2.247,1.136,74.293,3.821,38.894,12.005,196.155,427.793
1980 April,109.239,81.868,0.327,33.961,4.966,13.257,1.75,1.149,76.316,4.417,34.609,11.794,182.547,373.654
1980 May,109.468,72.174,0.401,32.003,5.713,12.457,1.444,1.036,78.043,4.329,32.697,11.329,179.454,361.096
1980 June,115.875,66.783,0.412,29.877,5.061,12.654,1.469,1.04,74.715,3.267,32.859,11.263,172.618,355.276
1980 July,129.853,68.984,0.412,29.961,4.396,13.73,1.474,0.961,78.196,4.5,33.517,10.51,177.657,376.494
1980 August,129.237,68.226,0.438,28.471,4.941,12.881,1.762,0.965,77.1,3.734,33.452,10.529,174.273,371.735
1980 September,118.061,69.008,0.423,33.347,5.637,12.617,1.63,1.095,73.061,4.474,33.395,10.506,176.185,363.255
1980 October,114.983,80.658,0.431,38.904,6.848,12.744,1.864,1.236,77.264,3.992,32.583,10.5,186.365,382.006
1980 November,117.553,93.426,0.326,38.039,6.558,12.254,1.544,1.062,69.959,5.019,34.706,10.965,180.434,391.412
1980 December,131.153,113.318,0.262,48.164,8.794,13.373,3.013,1.068,76.911,4.537,39.203,11.485,206.811,451.282
1981 January,138.765,121.501,0.27,54.744,9.409,13.178,2.904,1.033,74.583,5.09,42.371,6.293,209.873,470.139
1981 February,122.747,101.253,0.233,40.595,7.604,11.376,1.847,1.062,65.998,3.377,34.201,6.446,172.738,396.738
1981 March,123.312,101.21,0.368,38.664,7.326,13.042,1.453,1.1,73.093,4.88,31.109,6.119,177.154,401.675
1981 April,112.3,79.228,0.369,32.628,5.423,11.581,1.175,1.227,74.098,4.408,26.443,7.512,164.863,356.392
1981 May,112.904,75.787,0.303,32.11,5.41,11.373,1.098,1.054,76.714,3.697,26.592,10.29,168.639,357.33
1981 June,121.761,69.587,0.405,31.763,5.14,12.526,1.04,0.964,78.874,4.89,28.846,7.38,171.826,363.174
1981 July,138.233,69.822,0.418,31.671,4.981,13.268,1.17,1.144,79.128,3.827,28.842,8.072,172.518,380.573
1981 August,135.249,69.704,0.412,31.804,4.921,12.677,1.211,0.966,76.968,4.372,27.102,7.444,167.876,372.829
1981 September,122.59,67.048,0.246,32.38,5.696,12.316,1.163,1.042,74.768,5.046,26.654,7.226,166.537,356.176
1981 October,121.33,80.463,0.355,37.35,7.227,11.528,1.722,1.188,76.283,4.09,27.567,6.712,174.019,375.812
1981 November,120.725,85.924,0.246,37.146,6.676,11.751,1.902,0.829,71.522,4.994,27.026,5.38,167.471,374.12
1981 December,133.019,110.343,0.263,42.794,8.073,12.076,2.53,0.961,77.482,4.497,32.918,6.501,188.094,431.456
1982 January,141.254,128.228,0.252,46.392,8.852,12.829,2.64,0.896,69.126,5.309,31.968,5.392,183.655,453.138
1982 February,122.935,106.301,0.186,37.116,6.704,11.75,2.062,0.949,64.9,4.624,30.978,5.416,164.684,393.919
1982 March,119.706,98.213,0.269,39.231,7.026,12.102,1.511,0.936,74.992,5.275,27.844,5.953,175.137,393.056
1982 April,109.654,79.423,0.269,38.388,6.407,12.001,1.354,1.022,77.411,4.436,27.225,6.189,174.701,363.779
1982 May,112.512,60.654,0.276,32.558,5.574,12.452,1.334,0.932,77.18,4.576,22.821,6.46,164.161,337.326
1982 June,114.473,59.424,0.359,31.601,5.129,11.826,1.029,1.02,76.713,3.877,21.251,6.224,159.027,332.924
1982 July,130.335,61.092,0.309,27.408,5.975,12.371,1.239,0.961,78.749,4.911,22.679,5.708,160.309,351.736
1982 August,129.924,61.429,0.383,29.538,5.47,12.122,1.007,0.964,76.704,4.915,22.391,8.266,161.76,353.113
1982 September,115.932,60.694,0.33,32.327,6.275,12.363,1.342,1.004,73.297,3.875,20.82,5.838,157.47,334.095
1982 October,112.716,69.622,0.257,34.386,6.762,11.876,1.817,0.915,74.112,3.536,21.802,5.967,161.43,343.768
1982 November,116.361,82.992,0.145,31.899,7.293,12.615,1.741,1.08,73.786,2.981,22.525,5.783,159.846,359.2
1982 December,123.28,92.842,0.212,38.048,7.785,13.047,2.411,0.783,75.947,4.061,23.387,6.589,172.269,388.392
1983 January,128.651,118.871,0.065,37.271,8.565,11.868,2.242,0.791,70.172,2.951,23.792,5.741,163.455,410.977
1983 February,111.824,98.975,0.299,33.458,6.876,11.811,1.76,0.812,62.852,3.699,20.75,6.817,149.133,359.932
1983 March,113.21,93.718,0.215,39.275,5.887,12.419,1.595,1.079,79.276,3.195,23.099,8.931,174.969,381.898
1983 April,108.077,80.232,0.274,34.787,5.107,12.341,1.668,0.953,72.415,3.289,19.455,9.094,159.382,347.691
1983 May,111.084,65.841,0.251,31.365,4.694,12.448,1.313,1.075,76.738,3.788,19.639,8.556,159.864,336.789
1983 June,118.811,56.928,0.362,32.548,4.127,12.858,0.83,1.032,78.489,3.644,18.733,9.577,162.199,337.938
1983 July,141.641,56.728,0.335,30.251,4.849,13.308,1.097,1.019,78.46,5.483,19.01,9.306,163.117,361.486
1983 August,148.733,58.698,0.346,33.249,4.991,13.264,1.145,1.054,80.432,4.708,20.48,8.243,167.911,375.342
1983 September,129.32,55.371,0.346,33.205,6.106,12.896,1.29,1.13,75.497,4.352,19.127,7.996,161.944,346.636
1983 October,123.714,58.75,0.325,34.782,6.23,12.375,1.39,1.168,76.404,4.403,18.181,8.507,163.762,346.226
1983 November,125.687,68.837,0.253,37.045,6.739,12.078,1.976,0.978,74.107,4.747,19.278,8.168,165.367,359.891
1983 December,144.04,88.145,0.224,44.838,9.385,14.625,2.929,0.909,79.396,4.067,23.227,7.351,186.95,419.136
1984 January,147.062,125.786,0.15,46.965,9.333,14.89,2.678,0.943,72.651,4.916,28.953,7.656,189.134,461.982
1984 February,129.108,105.038,0.226,35.326,7.123,12.964,1.351,1.155,67.605,4.096,22.6,7.924,160.371,394.517
1984 March,132.874,98.792,0.155,43.426,6.946,13.631,1.627,1.203,75.708,4.965,23.688,8.431,179.779,411.445
1984 April,120.955,85.79,0.274,37.727,5.559,13.872,1.386,1.221,74.927,4.215,19.595,8.49,167.265,374.011
1984 May,123.252,72.136,0.383,37.484,5.673,14.161,0.808,1.025,79.909,4.976,18.099,8.059,170.577,365.965
1984 June,135.887,62.904,0.327,33.446,5.238,13.211,1.062,1.073,79.76,3.446,19.023,7.311,163.897,362.688
1984 July,143.593,61.711,0.264,33.372,5.568,14.699,1.143,0.999,79.21,4.074,17.447,9.286,166.062,371.365
1984 August,149.777,61.718,0.367,34.112,6.296,15.431,1.036,1.086,82.26,4.679,18.456,8.913,172.636,384.132
1984 September,131.018,57.975,0.24,34.231,5.96,14.445,1.435,1.093,73.943,4.185,16.538,6.625,158.695,347.688
1984 October,131.643,63.106,0.214,36.84,7.283,15.147,1.07,1.139,78.043,5.124,15.599,8.117,168.576,363.325
1984 November,131.706,74.455,0.252,36.454,7.27,13.858,2.147,0.995,76.317,3.86,19.149,6.757,167.06,373.221
1984 December,139.227,92.841,0.181,38.184,7.565,15.386,1.763,0.862,76.019,3.886,17.399,9.223,170.468,402.536
1985 January,151.518,112.983,0.234,46.157,9.244,15.298,3.073,0.95,73.623,3.913,21.651,6.212,180.354,444.854
1985 February,133.392,115.772,0.194,40.079,7.45,13.167,2.032,1.024,69.003,3.9,18.052,7.435,162.334,411.498
1985 March,131.448,92.569,0.279,41.216,6.778,14.413,0.896,1.049,77.285,4.667,17.411,6.684,170.678,394.696
1985 April,125.516,77.506,0.328,36.079,5.164,14.972,0.926,1.094,78.064,4.042,15.938,8.366,164.972,367.994
1985 May,131.069,61.271,0.308,34.747,5.726,14.022,0.825,1.104,81.876,5.306,16.918,8.403,169.234,361.573
1985 June,135.264,57.527,0.297,33.458,5.655,13.664,1.015,1.019,78.525,4.391,14.774,8.191,160.987,353.778
1985 July,149.753,59.721,0.374,32.483,5.829,15.069,0.666,0.964,81.276,5.189,15.48,7.653,164.981,374.455
1985 August,147.677,59.703,0.379,35.144,5.549,14.965,1.135,1.114,83.981,5.716,17.096,8.209,173.287,380.667
1985 September,134.683,55.643,0.307,33.219,6.286,14.493,0.951,0.931,74.403,3.907,14.596,6.375,155.467,345.792
1985 October,131.542,61.194,0.291,38.658,7.957,15.579,1.246,1.073,79.982,5.031,15.245,6.587,171.648,364.384
1985 November,131.096,70.368,0.207,35.441,6.998,15.299,1.275,0.842,75.982,5.122,18.258,5.701,165.124,366.589
1985 December,152.068,102.258,0.28,43.37,9.221,16.671,3.21,0.761,78.773,4.702,21.698,6.064,184.749,439.075
1986 January,154.607,115.501,0.218,44.369,8.729,15.989,2.191,0.516,75.404,5.071,20.589,6.663,179.739,449.847
1986 February,134.216,101.09,0.205,41.115,7.11,14.298,1.628,0.889,67.761,4.971,19.527,7.088,164.59,399.896
1986 March,131.661,92.742,0.308,42.217,6.651,14.854,1.603,1.148,80.656,5.289,20.99,8.943,182.657,407.06
1986 April,120.502,72.144,0.347,37.448,5.24,15.096,0.668,1.069,79.735,3.425,19.856,8.311,171.191,363.838
1986 May,125.416,62.272,0.379,36.817,4.913,15.456,0.87,1.176,82.414,4.864,19.676,9.29,175.853,363.54
1986 June,138.781,55.313,0.371,32.819,4.419,15.849,0.38,1.116,80.909,5.847,19.493,8.563,169.765,363.858
1986 July,155.59,55.063,0.385,34.56,4.939,16.406,0.795,0.991,86.231,3.741,22.068,6.817,176.933,387.586
1986 August,142.715,53.091,0.415,34.942,5.406,16.769,1.27,0.985,86.223,4.843,21.733,8.81,181.395,377.2
1986 September,132.68,50.159,0.651,32.77,6.261,15.849,0.704,1.082,77.04,5.6,18.35,7.848,166.154,348.993
1986 October,128.454,54.227,0.303,38.805,7.997,15.764,1.287,1.073,84.075,4.015,18.42,7.25,178.988,361.669
1986 November,129.192,66.552,0.24,37.099,8.37,16.555,1.465,0.877,77.202,4.231,19.693,6.82,172.552,368.296
1986 December,141.92,89.712,0.252,44.341,8.949,17.918,2.02,0.74,82.834,4.817,23.964,6.415,192.248,423.879
1987 January,147.991,114.22,0.211,44.101,9.11,16.905,2.014,1.084,75.786,6.512,22.008,8.401,186.131,448.341
1987 February,128.867,103.211,0.211,40.256,7.369,15.983,1.723,1.058,71.186,4.366,20.023,8.375,170.549,402.627
1987 March,129.978,93.967,0.278,41.527,7.02,16.925,1.346,1.207,80.765,4.856,18.056,7.485,179.465,403.41
1987 April,125.882,77.111,0.283,38.574,6.044,16.139,0.539,1.216,82.086,4.827,16.74,9.208,175.654,378.647
1987 May,134.773,63.388,0.326,35.776,5.136,16.209,0.619,1.072,86.52,4.522,15.056,8.939,174.173,372.334
1987 June,147.232,58.762,0.306,35.985,5.164,16.304,0.749,1.242,84.616,5.09,17.098,9.344,175.896,381.889
1987 July,164.015,58.434,0.314,36.176,5.93,17.222,0.658,1.148,87.921,5.675,19.594,9.092,183.726,406.176
1987 August,162.968,60.156,0.327,34.049,5.467,17.559,0.834,1.062,85.104,6.072,17.213,8.417,176.101,399.224
1987 September,141.306,55.817,0.259,36.602,6.367,16.314,0.9,1.057,80.865,4.494,18.357,7.134,172.347,369.47
1987 October,137.807,65.292,0.271,41.996,7.421,18.2,1.605,1.046,84.722,5.658,15.637,6.457,183.012,386.11
1987 November,136.592,75.889,0.192,37.827,7.246,16.292,1.365,0.878,80.26,5.502,17.061,5.894,172.516,384.997
1987 December,152.074,96.726,0.177,44.216,8.526,18.168,1.968,1.114,84.094,5.567,20.989,8.708,193.527,442.326
1988 January,160.094,117.401,0.251,47.489,10.043,19.362,2.275,0.918,77.618,5.807,24.312,7.098,195.17,472.666
1988 February,146.278,109.342,0.222,44.411,8.342,17.549,1.697,1.109,76.367,5.273,23.244,7.781,185.993,441.612
1988 March,141.838,100.035,0.28,47.227,7.354,17.244,1.299,1.187,84.924,6.017,21.602,9.67,196.802,438.675
1988 April,130.591,78.332,0.257,36.997,5.196,16.679,0.846,1.036,83.388,5.399,18.666,9.595,178.056,386.98
1988 May,134.643,69.59,0.362,37.315,5.316,16.96,0.877,1.216,84.693,5.99,13.719,10.25,176.696,380.929
1988 June,152.255,62.427,0.339,36.871,4.986,17.05,0.58,1.032,87.733,4.057,15.341,10.102,178.088,392.77
1988 July,166.431,62.773,0.36,35.245,5.536,17.409,0.726,1.029,86.769,4.764,17.806,10.863,180.506,409.709
1988 August,172.512,65.207,0.307,38.348,5.869,17.875,0.733,1.148,87.633,6.327,19.309,11.216,188.763,426.483
1988 September,144.755,58.546,0.295,36.442,6.768,17.077,1.012,1.094,83.094,5.333,17.414,8.366,176.892,380.193
1988 October,142.808,65.663,0.274,42.955,7.569,18.497,1.124,1.063,84.323,5.077,19.652,10.554,191.086,399.556
1988 November,141.921,77.598,0.218,41.113,7.806,17.266,1.455,1.079,82.81,5.744,21.301,9.042,187.833,407.352
1988 December,158.601,97.459,0.222,47.52,9.183,19.136,1.982,0.803,85.17,6.269,25.661,9.284,205.229,461.289
1989 January,158.481,109.912,0.248,44.092,8.881,18.734,1.79,0.993,78.221,6.934,23.75,8.422,192.063,460.858
1989 February,149.304,109.385,0.16,41.317,8.256,17.289,1.486,1.045,74.57,4.654,22.717,9.127,180.619,439.67
1989 March,148.423,106.141,0.275,45.754,7.624,18.462,1.08,1.307,86.063,4.777,22.691,11.288,199.319,454.284
1989 April,135.967,86.502,0.318,38.425,5.988,16.207,0.812,1.081,80.324,4.66,19.84,9.746,177.4,400.259
1989 May,139.911,73.937,0.291,39.424,5.237,16.442,0.661,1.362,85.594,6.262,16.369,9.577,181.218,395.467
1989 June,149.526,65.965,0.267,38.782,5.124,18.005,0.815,1.163,87.32,5.162,17.323,10.671,184.629,400.509
1989 July,162.048,67.368,0.314,34.66,5.063,17.642,0.627,0.938,84.615,5.477,18.812,10.045,178.191,408.009
1989 August,162.928,67.031,0.429,39.587,5.374,18.399,0.533,1.124,89.496,6.537,16.409,9.519,187.405,417.766
1989 September,147.25,64.927,0.281,37.325,6.271,18.205,0.552,1.054,81.26,5.186,14.309,9.776,174.215,386.781
1989 October,144.44,73.236,0.231,41.734,7.305,18.27,1.14,1.158,84.678,5.072,18.908,8.112,186.606,404.684
1989 November,145.585,85.344,0.284,42.77,7.598,18.261,1.269,0.99,82.523,5.505,17.561,7.63,184.389,415.707
1989 December,169.28,117.207,0.192,52.245,9.877,21.673,1.997,0.826,85.938,4.742,27.365,8.826,213.679,500.568
1990 January,156.845,116.252,0.207,42.507,7.396,19.682,1.112,1.116,77.043,6.296,23.362,12.11,190.829,464.451
1990 February,139.307,100.053,0.225,39.295,6.786,17.022,1.101,1.168,75.197,5.399,19.475,8.601,174.268,414.102
1990 March,145.383,98.072,0.272,43.729,6.83,18.076,0.616,1.249,85.097,6.048,17.445,10.096,189.457,433.438
1990 April,137.68,87.306,0.238,39.3,6.32,18.391,0.57,0.99,79.92,5.06,16.296,11.218,178.3,403.794
1990 May,140.355,75.935,0.279,38.711,5.639,18.563,0.201,1.218,85.334,5.324,17.955,10.959,184.183,400.998
1990 June,152.264,70.607,0.325,37.758,4.288,17.91,0.146,0.944,84.382,5.518,18.433,11.88,181.583,404.962
1990 July,165.201,70.144,0.341,36.397,4.779,17.477,0.212,1.181,86.927,5.923,18.732,11.629,183.596,419.466
1990 August,168.144,71.739,0.336,42.946,5.333,19.274,0.509,1.351,90.407,6.352,18.122,9.705,194.333,434.74
1990 September,155.533,69.647,0.253,36.999,5.64,18.426,0.383,1.186,77.6,6.239,14.263,8.807,169.795,395.484
1990 October,152.439,76.172,0.241,39.507,6.878,19.689,0.235,1.216,83.803,6.03,15.008,8.37,180.973,410.109
1990 November,145.781,84.199,0.208,39.957,6.885,18.952,0.289,0.961,81.27,6.548,13.66,6.508,175.238,405.726
1990 December,161.091,106.128,0.183,37.588,8.051,19.149,1.067,0.838,80.929,6.947,18.966,9.173,182.89,450.633
1991 January,166.314,125.371,0.17,44.93,9.564,19.361,1.184,1.048,77.124,5.162,16.454,9.32,184.315,476.647
1991 February,139.119,104.239,0.179,35.874,7.323,17.291,0.646,0.768,71.688,4.434,16.004,7.358,161.564,405.506
1991 March,141.063,100.687,0.216,39.832,6.996,17.691,0.55,0.988,81.446,5.757,18.063,7.747,179.284,421.68
1991 April,130.708,84.771,0.234,36.674,5.774,15.979,0.482,0.983,80.164,6.541,15.842,8.896,171.567,387.67
1991 May,142.313,73.948,0.272,36.912,5.201,16.546,0.343,1.106,86.317,5.373,14.683,8.538,175.288,392.195
1991 June,151.32,66.631,0.292,35.844,5.049,17.606,0.2,1.01,83.748,5.297,18.451,7.719,175.215,393.791
1991 July,165.254,71.848,0.337,35.348,6.013,18.751,0.175,1.151,87.762,5.979,16.345,8.828,180.688,418.436
1991 August,164.628,71.292,0.329,36.977,5.49,19.148,0.219,0.958,87.374,5.757,18.148,9.648,184.046,420.612
1991 September,150.205,68.339,0.269,37.004,6.185,18.1,0.063,1.08,79.557,6.105,15.205,9.411,172.978,392.147
1991 October,146.498,78.415,0.23,40.67,6.629,18.502,0.343,1.046,84.512,6.871,15.057,9.112,182.97,408.528
1991 November,151.224,92.648,0.185,37.732,7.642,17.654,1.425,0.918,78.719,5.922,16.124,9.305,175.624,420.122
1991 December,157.295,109.567,0.171,41.207,8.39,18.549,1.381,0.95,83.844,6.309,19.121,7.93,187.85,455.357
1992 January,159.654,122.503,0.171,43.123,8.888,18.302,1.457,1.047,79.94,6.934,18.858,9.522,188.24,471.149
1992 February,142.686,111.342,0.227,40.186,8.273,16.245,0.887,0.966,75.809,5.621,18.257,6.392,172.859,427.591
1992 March,148.423,106.036,0.236,42.794,7.329,16.953,1.057,1.027,83.062,7.046,16.88,10.093,186.474,441.684
1992 April,138.615,93.325,0.205,39.247,6.178,16.946,0.42,1.063,81.524,6.675,14.933,10.742,177.93,410.597
1992 May,141.723,78.888,0.269,36.742,5.749,16.713,0.25,1.281,85.29,7.343,14.904,10.439,178.979,400.342
1992 June,148.664,71.026,0.32,34.608,5.751,17.285,0.127,1.074,84.019,7.912,14.283,9.805,175.182,395.6
1992 July,169.229,74.479,0.263,36.173,5.789,17.806,0.711,1.01,88.901,7.447,14.433,11.446,183.977,428.437
1992 August,162.57,71.454,0.311,36.107,5.853,19.706,-0.205,0.992,85.89,7.295,13.767,11.596,181.31,416.085
1992 September,152.775,70.246,0.253,37.561,5.614,17.346,0.25,1.035,82.72,5.22,12.568,11.44,174.005,397.753
1992 October,147.851,75.866,0.178,40.781,7.598,18.376,0.432,0.997,85.407,7.294,16.236,9.949,187.244,411.714
1992 November,147.534,92.02,0.171,37.835,8.681,18.401,0.418,0.947,79.987,6.345,14.748,10.131,177.663,417.945
1992 December,162.157,116.077,0.235,44.262,9.908,19.306,0.484,0.8,86.076,6.072,19.195,9.669,196.003,474.989
1993 January,160.98,124.121,0.117,41.752,8.971,18.112,0.799,0.959,75.978,6.038,15.036,8.421,176.181,462.047
1993 February,148.932,117.849,0.113,41.771,8.345,16.596,1.157,0.894,73.502,5.976,14.962,8.327,171.642,439.113
1993 March,155.904,116.642,0.289,45.644,8.239,18.061,0.693,1.159,84.552,6.998,15.705,10.459,191.797,465.109
1993 April,139.931,91.506,0.19,38.022,6.223,16.993,0.364,1.049,82.409,5.914,15.171,9.844,176.175,408.353
1993 May,140.34,70.871,0.286,35.847,5.659,17.411,0.163,0.989,86.916,6.549,15.117,9.292,178.227,390.203
1993 June,156.766,71.576,0.249,36.982,5.375,18.368,-0.203,1.147,85.356,7.287,12.319,9.224,176.103,405.185
1993 July,177.537,75.903,0.307,35.702,5.845,18.209,0.286,1.036,89.179,6.751,15.789,10.377,183.479,437.684
1993 August,176.509,77.173,0.333,37.643,5.782,18.828,0.422,1.191,90.21,7.004,13.977,8.451,183.838,438.284
1993 September,152.567,70.961,0.28,38.4,6.462,17.992,0.511,1.118,84.28,6.622,16.605,9.957,182.224,406.492
1993 October,152.099,81.902,0.152,39.816,7.722,18.402,0.161,0.998,84.49,5.754,15.466,9.935,182.892,417.658
1993 November,153.223,96.533,0.226,41.557,8.414,17.492,1.562,1.067,83.294,6.557,15.948,8.079,184.193,434.69
1993 December,166.889,115.668,0.112,44.796,9.031,18.597,1.601,0.854,87.599,6.245,20.005,8.548,197.385,480.707
1994 January,175.742,137.244,0.206,49.311,11.031,18.72,1.028,1.043,79.352,6.899,18.615,9.337,195.539,509.348
1994 February,152.671,125.04,0.203,43.13,8.732,17.086,0.84,0.998,74.817,5.834,19.575,11.126,182.339,460.794
1994 March,154.583,111.01,0.203,44.096,7.721,18.752,0.665,1.206,84.193,5.687,15.36,8.617,186.498,452.916
1994 April,140.678,89.342,0.285,40.21,6.31,18.579,0.637,1.121,83.403,6.559,15.335,10.344,182.78,413.597
1994 May,146.879,76.537,0.105,38.842,5.913,18,0.194,1.128,87.117,7.344,15.348,10.237,184.225,408.466
1994 June,166.697,77.218,0.389,39.523,5.505,18.945,-0.039,1.192,87.439,7.357,13.419,9.619,183.345,428.058
1994 July,173.926,77.682,0.078,35.517,6.319,18.979,0.277,1.067,89.904,6.343,13.776,10.566,182.824,435.256
1994 August,172.215,79.37,0.32,40.848,6.317,19.727,0.556,1.085,90.873,6.156,14.16,10.196,190.235,442.645
1994 September,153.478,75.023,0.223,40.429,6.608,18.244,0.193,1.012,84.064,5.836,10.82,9.58,177.007,406.305
1994 October,150.523,80.729,0.217,40.892,8.136,19.333,0.67,1.166,85.846,6.769,12.529,9.967,185.525,417.601
1994 November,145.597,93.394,0.225,41.043,8.011,18.275,1.018,0.912,82.189,5.939,12.477,7.841,177.929,417.717
1994 December,159.235,113.461,0.183,42.715,9.448,19.171,1.373,1.096,90.149,5.851,14.454,12.004,196.443,469.964
1995 January,164.759,130.21,0.206,45.198,9.554,19.211,1.184,1.041,81.337,6.546,12.414,8.22,184.91,480.756
1995 February,149.169,119.438,0.212,44.268,8.636,17.106,1.188,0.96,76.744,6.103,13.749,9.186,178.15,447.55
1995 March,149.175,114.635,0.239,44.594,7.562,18.416,0.771,1.197,88.403,6.292,11.675,10.337,189.484,454.171
1995 April,138.185,97.255,0.202,40.093,6.742,17.046,0.527,0.917,84.076,5.54,11.467,9.77,176.379,412.669
1995 May,145.699,86.141,0.284,38.668,6.654,18.531,0.646,1.149,89.793,7.083,11.155,8.972,182.934,415.652
1995 June,158.206,77.61,0.206,42.166,5.848,17.253,0.359,1.07,90.336,6.52,12.695,9.101,185.552,422.217
1995 July,179.646,84.796,0.298,36.442,5.703,18.736,0.261,0.961,89.753,7.14,11.052,9.515,179.859,445.179
1995 August,188.256,88.566,0.278,40.594,6.107,18.835,0.435,1.178,93.281,5.957,12.002,9.512,188.177,465.876
1995 September,158.686,77.782,0.328,42.389,6.941,18.74,0.32,1.042,85.649,6.503,12.014,8.639,182.563,419.881
1995 October,153.85,81.388,0.157,41.39,7.626,18.956,0.56,1.16,88.261,6.113,12.078,8.808,185.107,421.223
1995 November,156.683,102.302,0.162,41.722,8.49,19.099,0.946,1.113,86.188,6.61,11.23,9.2,184.758,444.592
1995 December,169.829,125.32,0.164,46,10.014,20.185,0.99,1.015,87.897,7.096,15.224,9.939,198.522,494.549
1996 January,175.67,139.41,0.149,49.132,10.895,20.604,1.232,0.944,82.613,5.963,15.576,11.253,198.358,514.309
1996 February,159.337,126.11,0.135,46.49,9.434,19.727,1.691,0.944,80.848,5.943,14.204,10.821,190.235,476.498
1996 March,159.775,119.484,0.27,46.287,8.788,19.567,1.192,1.336,88.69,7.718,12.239,11.438,197.522,477.653
1996 April,144.505,99.183,0.221,43.611,7.385,18.63,0.5,0.905,86.842,6.483,10.527,11,186.101,430.632
1996 May,154.388,87.697,0.235,41.721,6.8,18.888,0.356,1.18,92.088,5.919,12.104,11.196,190.484,433.44
1996 June,166.393,81.641,0.299,41.165,6.115,19.144,0.347,0.949,89.412,6.682,10.406,10.81,185.328,434.205
1996 July,180.51,81.869,0.222,40.297,6.409,19.956,0.241,1.085,93.302,6.936,13.111,10.367,191.923,455.174
1996 August,181.871,83.555,0.227,42.413,6.783,20.085,0.301,1.083,95.267,6.403,12.744,10.635,195.939,462.237
1996 September,163.236,78.423,0.236,40.944,6.856,19.724,0.49,1.078,84.653,6.477,10.148,8.826,179.429,421.931
1996 October,163.559,84.32,0.201,47.757,8.443,20.709,0.046,1.055,92.273,8.307,12.217,11.656,202.662,451.412
1996 November,168.194,102.938,0.215,44.422,9.364,19.51,1.537,0.992,87.226,6.391,10.532,10.726,190.912,462.888
1996 December,177.093,122.114,0.172,45.639,9.545,19.929,1.441,0.875,88.802,7.591,12.753,10.831,197.575,497.654
1997 January,183.432,136.076,0.148,50.488,10.57,20.501,2.045,0.882,83.051,5.736,14.217,12.053,199.688,520.104
1997 February,156.246,121.731,0.229,41.282,8.781,18.027,1.24,1.03,78.717,5.972,12.915,9.797,177.987,456.785
1997 March,159.382,115.28,0.209,46.746,7.728,19.41,0.817,1.054,88.627,6.234,10.861,11.343,193.027,468.598
1997 April,151.969,98.286,0.295,45.227,7.322,19.152,1.025,1.215,88.78,6.386,11.196,11.223,191.817,442.952
1997 May,154.875,87.823,0.279,43.147,6.55,19.689,0.246,1.301,92.599,6.532,10.768,12.754,193.862,437.469
1997 June,165.758,81.834,0.224,41.859,6.139,19.331,0.29,0.93,91.34,7.773,10.834,12.187,190.905,439.377
1997 July,188.924,89.064,0.254,43.686,6.247,21.395,0.2,1.182,96.595,6.991,11.422,12.789,200.76,479.657
1997 August,184.869,87.159,0.338,41.825,6.652,20.924,0.513,1.182,93.756,6.179,10.533,12.084,193.983,466.92
1997 September,171.106,81.932,0.208,42.666,7.311,19.479,0.38,1.086,88.317,6.09,11.282,9.958,186.775,440.692
1997 October,172.442,85.081,0.25,48.669,7.993,20.297,0.706,1.304,92.407,7.32,10.348,10.92,200.213,458.646
1997 November,167.15,103.047,0.147,44.336,9.042,19.804,1.081,0.987,87.623,7.092,11.455,10.231,191.796,462.872
1997 December,182.697,126.464,0.163,49.527,10.631,20.914,1.436,0.972,91.523,7.929,11.431,10.66,205.184,515.254
1998 January,180.451,131.312,0.103,47.529,9.389,19.785,1.735,1.119,86.466,6.256,13.562,10.182,196.124,508.781
1998 February,158.126,114.971,0.224,43.32,7.796,18.412,1.179,1.064,79.14,6.944,10.886,8.914,177.877,451.782
1998 March,164.021,116.77,0.201,48.057,8.632,20.172,1.349,1.154,90.945,6.747,11.817,11.01,200.084,481.77
1998 April,152.932,94.113,0.195,44.697,6.785,20.321,0.473,1.291,91.503,7.744,14.701,10.112,197.82,445.731
1998 May,165.655,85.136,0.206,43.579,5.668,19.889,0.708,1.154,94.265,7.674,11.084,11.744,195.97,447.656
1998 June,177.93,84.961,0.296,46.111,5.455,19.788,0.733,1.15,93.837,8.274,11.82,10.116,197.576,461.334
1998 July,194.284,92.154,0.236,43.924,5.616,21.048,0.303,1.126,98.787,7.976,15.807,10.8,205.621,492.954
1998 August,194.375,92.838,0.265,45.947,6.152,20.372,1.012,1.179,97.464,9.443,13.327,9.183,204.339,492.447
1998 September,175.375,85.199,0.194,43.56,5.924,19.213,0.44,1.176,91.415,8.05,13.792,9.255,193.018,454.457
1998 October,167.293,82.856,0.245,47.286,7.48,21.167,0.878,1.294,95.162,7.828,11.051,8.647,201.035,452.079
1998 November,158.771,94.245,0.181,42.835,7.863,20.068,1.318,0.973,89.809,7.06,12.142,9.945,192.191,446.073
1998 December,174.422,116.761,0.107,46.447,8.989,22.199,1.696,1.059,95.88,9.39,12.861,10.972,209.597,501.675
1999 January,181.086,136.951,0.281,50.493,11.329,21.549,1.643,0.996,87.227,7.946,13.067,11.383,205.912,524.853
1999 February,156.655,114.801,0.157,42.657,8.385,19.366,1.075,1.015,82.237,8.276,12.776,11.026,186.968,459.241
1999 March,164.447,118.365,0.201,50.458,9.674,21.47,0.857,1.171,92.177,9.002,13.805,11.712,210.525,494.242
1999 April,156.945,99.213,0.265,44.056,7.477,20.24,0.601,1.148,93.412,7.846,9.948,12.001,196.993,454.026
1999 May,163.077,84.487,0.166,44.184,6.633,20.423,0.548,1.108,95.561,8.312,13.136,8.876,198.944,447.412
1999 June,174.735,81.647,0.265,43.965,6.835,20.042,0.681,1.194,97.552,9.071,10.211,11.216,201.029,458.286
1999 July,197.578,90.01,0.281,46.381,6.968,20.875,0.547,1.167,101.562,8.274,11.023,9.413,206.488,494.981
1999 August,191.987,91.962,0.304,45.826,7.12,22.074,0.67,1.151,97.339,8.735,14.569,12.224,210.01,494.863
1999 September,172.467,81.4,0.237,44.262,7.935,20.19,0.678,1.225,91.141,8.32,10.704,10.15,194.841,449.583
1999 October,166.276,86.723,0.193,49.969,8.897,21.886,0.671,1.294,96.739,8.516,10.525,8.061,206.748,460.652
1999 November,161.709,92.356,0.186,46.545,8.756,20.111,1.183,1.187,90.235,7.241,10.804,8.743,194.989,449.93
1999 December,174.659,119.021,0.175,51.869,11.525,21.792,1.891,1.227,100.233,7.985,12.464,8.447,217.607,512.191
2000 January,192.643,135.679,0.172,51.444,12.289,20.359,1.908,1.228,87.243,8.053,12.139,7.952,202.784,531.996
2000 February,175.28,125.332,0.126,47.833,9.966,19.901,1.135,1.19,88.576,6.143,11.691,9.863,196.422,497.867
2000 March,171.93,111.522,0.228,49.771,9.064,21.358,0.752,1.173,94.74,7.273,10.029,10.293,204.68,489.022
2000 April,155.943,97.555,0.224,45.061,7.829,20.603,0.669,1.114,92.546,6.098,11.105,9.065,194.312,448.671
2000 May,169.906,92.601,0.234,49.606,6.98,21.187,0.372,1.231,98.838,8.493,10.521,11.257,208.716,472.113
2000 June,183.697,86.098,0.235,46.294,7.255,21.072,0.461,1.151,97.651,7.343,13.384,9.937,204.783,475.439
2000 July,191.433,89.061,0.261,45.409,7.094,22.585,0.362,1.159,98.683,7.196,15.968,9.439,208.153,489.537
2000 August,198.269,96.637,0.307,50.221,7.391,23.432,0.362,1.26,101.807,8.196,13.77,9.609,216.352,512.148
2000 September,177.127,83.199,0.193,49.374,7.442,21.5,0.854,1.164,94.074,7.008,12.677,9.117,203.401,464.588
2000 October,175.51,85.645,0.221,50.03,8.61,22.571,0.726,1.185,95.917,6.37,16.241,7.236,209.107,471.152
2000 November,174.15,102.928,0.175,49.929,9.396,21.241,0.723,0.971,92.435,6.096,12.535,7.089,200.587,478.527
2000 December,188.852,139.793,0.133,57.269,12.598,22.773,1.911,0.85,98.791,6.704,16.91,10.061,227.999,557.534
2001 January,190.699,143.993,0.191,58.199,11.294,22.111,1.502,1.037,91.546,6.281,15.736,12.34,220.234,555.881
2001 February,165.093,124.114,0.217,51.192,9.114,20.098,0.97,1.015,84.174,5.002,11.902,11.336,195.017,485.087
2001 March,170.625,120.602,0.174,55.744,8.904,21.394,1.548,1.199,96.642,8.114,12.586,11.044,217.345,509.527
2001 April,154.966,96.802,0.177,49.925,7.355,20.74,0.764,1.008,94.124,7.214,13.13,11.326,205.761,458.454
2001 May,166.817,81.4,0.261,50.409,6.173,21.834,0.554,1.146,98.741,7.744,12.191,11.834,210.885,460.058
2001 June,177.168,77.275,0.228,47.651,5.917,21.495,0.692,1.194,95.557,8.315,12.284,9.339,202.669,458.037
2001 July,194.589,85.47,0.253,48.038,6.411,22.412,0.717,1.074,102.118,8.674,12.767,9.85,212.312,493.327
2001 August,198.667,89.357,0.268,51.528,6.659,21.807,1.055,1.127,101.649,7.411,11.774,10.433,213.71,502.689
2001 September,170.429,79.835,0.154,47.194,7.132,18.76,0.494,1.066,93.855,7.776,8.8,8.794,194.023,445.211
2001 October,164.733,88.176,0.171,52.318,8.606,19.919,0.296,0.917,97.838,7.545,10.764,10.33,208.702,462.567
2001 November,159.451,90.972,0.176,48.778,8.226,17.733,1.059,1.121,95.108,8.19,9.57,10.548,200.506,451.854
2001 December,174.021,113.764,0.146,48.503,10.006,19.129,1.305,0.628,97.25,8.964,8.261,12.174,206.363,495.103
2002 January,175.997,133.439,0.166,53.018,10.774,20.146,0.861,1.314,93.181,8.78,10.387,12.097,210.723,521.274
2002 February,156.124,120.24,0.118,45.143,9.921,17.568,0.865,0.885,88.05,7.608,8.755,8.544,187.454,464.825
2002 March,164.172,121.003,0.178,50.456,9.544,20.066,0.652,1.022,98.254,8.39,12.019,10.982,211.56,497.85
2002 April,153.972,100.569,0.195,49.762,6.875,20.381,0.195,1.15,96.131,8.856,10.339,10.696,204.579,460.198
2002 May,164.209,86.016,0.178,49.514,6.846,19.396,0.456,1.107,102.885,8.081,9.956,11.368,209.784,461.123
2002 June,177.391,84.928,0.227,46.717,6.115,20.239,0.466,0.968,100.307,8.275,9.48,10.7,203.492,466.889
2002 July,196.321,93.334,0.289,49.57,6.503,21.33,0.206,1.06,103.569,9.475,8.978,10.855,211.832,502.602
2002 August,194.265,92.1,0.266,50.17,6.686,20.439,0.214,0.981,105.513,8.187,8.963,11.587,213.003,500.483
2002 September,179.491,82.275,0.196,48.574,6.52,19.669,0.281,1.084,95.143,8.384,8.852,10.082,198.784,461.628
2002 October,173.927,87.782,0.222,51.247,8.349,20.497,0.607,1.094,99.595,7.558,9.511,9.764,208.443,471.267
2002 November,171.506,102.311,0.158,51.16,8.979,19.847,0.77,0.983,96.334,8.018,11.128,9.716,207.091,481.986
2002 December,185.501,127.529,0.139,52.938,10.273,21.667,0.992,0.733,100.414,7.288,12.173,9.147,215.762,529.906
2003 January,192.456,145.447,0.086,57.908,11.718,19.124,1.745,1.116,96.229,6.912,11.263,9.827,215.924,554.83
2003 February,170.799,134.624,0.139,53.042,9.873,18.124,1.122,0.892,87.734,6.55,11.734,10.829,200.036,506.365
2003 March,168.098,118.216,0.193,53.874,8.57,19.903,0.597,1.025,98.404,7.866,13.5,12.75,216.682,504
2003 April,154.879,93.574,0.155,51.478,7.477,18.68,0.498,0.98,97.679,8.422,11.021,12.508,208.895,458.319
2003 May,163.353,81.07,0.193,49.161,5.961,18.66,0.591,0.877,103.342,7.296,9.853,13.369,209.301,454.727
2003 June,176.329,73.246,0.15,49.272,5.327,19.228,-0.008,0.885,101.469,8.587,9.809,12.33,207.047,457.593
2003 July,195.444,85.667,0.223,49.563,6.186,20.395,0.153,0.968,105.115,8.996,11.365,12.293,215.254,497.369
2003 August,197.836,88.417,0.212,50.529,6.371,21.088,0.319,0.989,107.529,7.734,13.127,12.134,220.03,507.286
2003 September,178.232,76.385,0.268,50.442,6.832,19.419,0.506,0.95,98.734,8.223,9.342,9.613,204.327,459.915
2003 October,172.358,83.093,0.145,53.11,7.432,20.063,0.543,1.091,103.994,8.844,10.472,10.848,216.541,472.995
2003 November,173.33,93.974,0.186,49.818,8.342,20.037,0.712,0.723,98.583,8.481,9.958,10.085,206.924,475.2
2003 December,190.806,121.668,0.139,54.355,11.146,21.117,1.496,0.951,102.61,9.273,11.592,11.672,224.348,537.826
2004 January,193.534,143.835,0.146,58.387,11.413,19.11,1.837,0.888,98.166,9.162,14.337,8.979,222.423,560.77
2004 February,175.708,134.961,0.181,53.34,10.267,19.856,1.161,0.729,93.178,6.551,13.525,11.557,210.344,521.927
2004 March,167.912,112.702,0.156,55.946,8.388,19.807,0.914,1.074,101.859,8.597,12.905,12.788,222.432,504.024
2004 April,157.095,93.471,0.21,54.046,7.35,19.303,0.807,1.095,99.607,8.041,11.736,11.56,213.753,465.266
2004 May,173.979,84.135,0.154,51.744,6.219,20.258,0.376,0.953,103.552,11.545,11.367,12.608,218.773,477.865
2004 June,182.1,79.528,0.175,50.709,6.379,20.504,0.634,1.158,101.634,9.442,11.667,11.696,213.997,476.571
2004 July,195.583,84.989,0.231,51.577,6.364,21.045,0.427,1.053,105.655,8.729,13.19,13.769,222.037,503.587
2004 August,192.757,84.438,0.208,52.392,6.499,21.965,0.541,0.897,105.256,10.03,11.386,13.227,222.399,500.572
2004 September,178.81,79.22,0.219,53.006,6.432,19.794,0.454,0.923,98.341,9.804,11.1,10.213,210.283,469.26
2004 October,173.1,83.204,0.205,55.301,7.742,20.833,0.554,1.018,102.522,8.993,12.56,11.221,220.947,478.229
2004 November,174.251,95.437,0.126,52.918,8.479,20.939,0.668,0.867,98.731,10.394,12.191,10.992,216.303,486.937
2004 December,193.536,125.012,0.15,56.27,10.487,20.882,1.394,0.942,103.678,10.379,13.429,11.584,229.193,548.719
2005 January,193.152,138,0.311,56.837,11.018,19.503,1.716,0.924,98.532,8.893,14.782,8.776,221.289,553.428
2005 February,171.026,120.689,0.175,51.087,9.402,19.982,0.82,0.852,89.557,8.104,12.23,9.97,202.177,494.783
2005 March,177.185,118.592,0.179,58.536,9.247,21.912,1.273,1.009,100.677,9.04,11.243,13.006,226.121,522.885
2005 April,157.26,92.529,0.18,53.429,6.496,19.826,0.564,0.923,98.957,9.631,11.335,9.582,210.919,461.664
2005 May,167.477,81.622,0.185,54.345,6.374,21.251,0.973,1.084,103.866,10.517,10.73,12.317,221.641,471.728
2005 June,186.402,82.273,0.211,52.614,5.666,20.745,0.67,1.048,101.345,9.167,11.741,14.7,217.906,487.536
2005 July,200.137,90.597,0.23,51.895,5.865,21.898,0.599,1.006,106.625,10.263,13.209,10.539,222.129,513.85
2005 August,201.341,91.037,0.251,54.126,7.052,22.13,0.363,1.053,106.524,9.193,15.38,12.074,228.145,521.51
2005 September,184.499,76.247,0.242,53.613,5.745,20.521,0.693,0.885,96.355,8.535,14.521,10.64,211.747,473.449
2005 October,176.628,76.439,0.166,54.914,6.635,21.004,0.888,1.125,100.82,7.733,14.494,12.42,220.196,474.249
2005 November,172.179,89.212,0.15,52.898,7.373,19.889,0.942,0.791,98.347,9.047,13.84,12.887,216.162,478.509
2005 December,192.861,125.23,0.165,58.404,10.736,22.292,1.073,0.835,103.606,9.469,15.002,12.752,234.333,553.411
2006 January,182.181,116.863,0.092,55.71,8.56,20.372,0.975,0.825,99.26,8.486,13.664,13.885,221.829,521.884
2006 February,170.182,115.739,0.157,52.124,8.683,18.144,1.375,1.249,90.349,6.391,10.789,10.925,200.185,487.018
2006 March,173.732,114.711,0.235,58.863,8.38,19.805,1.268,0.966,101.642,8.953,11.508,11.256,222.875,512.329
2006 April,153.342,90.574,0.229,52.703,5.94,20.321,1.037,1.016,99.31,7.408,9.666,12.177,209.807,454.702
2006 May,168.759,82.231,0.234,54.559,5.83,20.732,0.613,0.867,104.007,8.418,8.585,12.825,216.669,468.67
2006 June,181.928,83.499,0.185,52.118,6.047,20.936,0.352,1.001,102.157,9.135,8.745,14.439,215.113,481.519
2006 July,200.454,94.852,0.217,52.925,5.857,21.575,0.49,0.934,107.341,8.509,9.765,11.258,218.869,515.186
2006 August,202.317,94.432,0.299,55.77,6.452,21.524,0.376,0.951,106.712,9.224,11.245,14.203,226.754,524.514
2006 September,177.118,78.648,0.192,53.69,5.747,19.756,0.335,0.801,99.567,10.369,7.615,12.31,210.38,467.125
2006 October,176.987,88.525,0.2,57.802,7.529,20.377,0.387,1.141,103.138,8.857,8.96,11.802,220.19,486.714
2006 November,172.405,95.107,0.135,54.183,8.038,19.818,0.309,0.821,99.524,9.353,7.431,12.887,212.497,480.987
2006 December,186.601,114.515,0.137,57.165,8.944,20.705,0.613,0.667,103.872,10.836,10.709,12.916,226.561,528.689
2007 January,190.079,133.532,0.178,56.593,10.316,20.516,0.666,1.054,98.36,7.531,11.109,12.52,218.84,543.442
2007 February,174.984,138.548,0.13,55.034,10.3,18.732,0.552,0.802,90.056,6.705,12.503,12.395,207.207,521.634
2007 March,171.21,114.731,0.149,57.635,8.09,19.689,0.449,1.055,101.692,9.611,10.577,12.24,221.186,508.117
2007 April,159.056,97.497,0.21,54.233,7.052,20.228,0.334,0.972,98.892,7.274,9.662,13.536,212.391,469.903
2007 May,169.645,84.012,0.188,54.102,5.842,20.541,0.177,1.096,104.567,9.457,10.104,14.051,220.123,474.771
2007 June,186.191,83.71,0.232,52.96,5.798,20.426,0.183,0.904,101.668,8.028,10.38,10.98,211.558,482.418
2007 July,198.149,89.447,0.187,53.558,5.892,21.129,0.084,1.026,106.699,7.253,9.787,12.395,218.008,506.595
2007 August,203.334,102.257,0.231,55.147,5.695,21.624,0.363,0.969,106.014,9.261,11.131,12.439,222.871,529.453
2007 September,182.172,85.596,0.173,53.551,6.582,18.831,0.392,0.858,98.993,9.073,9.541,10.291,208.285,477.012
2007 October,174.684,87.577,0.229,56.033,6.731,20.777,0.356,1.047,101.724,7.514,9.159,11.686,215.255,478.507
2007 November,172.325,98.744,0.161,52.448,7.575,19.652,0.567,0.93,98.274,7.701,10.879,12.515,210.7,482.728
2007 December,189.467,129.507,0.117,55.784,9.698,20.348,0.744,0.892,101.682,9.831,9.724,12.183,221,540.966
2008 January,193.41,147.608,0.141,55.702,10.67,20.065,0.175,0.956,94.963,8.602,9.988,12.106,213.365,555.4
2008 February,178.19,135.108,0.126,53.216,9.573,18.441,0.352,0.854,89.04,6.858,7.385,11.577,197.418,511.666
2008 March,172.72,122.849,0.168,55.284,8.736,19.702,0.326,1,97.574,8.106,8.612,9.945,209.45,506.035
2008 April,160.048,98.226,0.179,52.793,6.252,19.927,0.01,0.98,94.391,7.994,10.013,10.751,203.288,462.545
2008 May,167.701,84.826,0.206,52.232,6.312,20.181,0.084,0.995,99.091,7.822,9.854,10.68,207.455,460.999
2008 June,183.849,86.381,0.172,48.401,5.887,19.942,0.063,0.928,94.151,7.511,9.677,10.388,197.118,468.331
2008 July,199.856,92.091,0.171,49.027,6.066,19.987,-0.012,0.968,97.604,9.216,10.004,9.003,202.032,494.995
2008 August,194.973,90.653,0.193,48.64,6.392,20.807,0.034,1.093,97.355,8.086,7.477,8.668,198.746,485.387
2008 September,175.276,78.569,0.165,48.101,4.764,18.155,0.149,0.653,87.174,5.892,7.359,9.836,182.247,437.076
2008 October,165.97,87.982,0.129,55.559,7.292,17.989,0.126,1.015,95.896,8.01,8.733,12.23,206.978,461.946
2008 November,166.117,100.667,0.156,49.788,7.757,17.688,0.25,0.613,91.623,7.286,7.377,11.974,194.51,462.277
2008 December,180.584,129.562,0.149,50.289,8.84,17.709,0.602,0.722,94.729,8.612,11.017,12.65,205.317,516.478
2009 January,181.291,147.269,0.145,53.98,9.295,16.661,0.562,0.837,92.127,7.351,11.127,11.649,203.733,533.28
2009 February,150.946,125.743,0.101,45.89,8.1,15.551,0.467,0.602,85.578,6.631,5.918,10.129,178.965,456.546
2009 March,146.645,116.938,0.151,49.541,7.86,17.848,0.209,0.781,95.293,7.271,8.649,8.768,196.369,460.94
2009 April,135.374,93.676,0.161,44.107,6.208,17.595,0.177,0.841,93.188,8.303,9.584,8.457,188.62,418.626
2009 May,141.493,80.867,0.137,45.297,5.125,16.873,0.182,0.704,96.573,8.631,6.344,9.071,188.935,412.282
2009 June,157.48,82.173,0.185,44.796,4.981,17.5,0.14,0.838,94.48,8.916,8.01,8.105,187.951,428.559
2009 July,167.302,89.253,0.202,44.616,5.393,19.122,0.017,0.849,98.333,6.397,4.662,10.338,189.926,447.469
2009 August,172.066,93.48,0.168,45.046,5.956,18.392,0.076,0.959,98.697,7.033,6.91,9.044,192.279,458.813
2009 September,148.107,84.679,0.194,45.261,5.872,17.376,-0.056,0.835,91.578,7.842,4.812,10.09,183.803,417.544
2009 October,150.417,89.552,0.122,47.941,7.688,17.294,0.274,0.855,95.129,5.662,7.239,9.088,191.292,432.249
2009 November,147.792,95.468,0.103,45.544,9.025,16.612,0.268,0.789,91.069,5.924,6.297,7.473,183.102,427.317
2009 December,176.248,134.292,0.168,50.723,10.459,17.414,0.34,0.797,94.502,6.639,8.513,8.965,198.518,510.046
2010 January,182.066,151.157,0.105,49.046,10.508,17.059,0.189,0.81,89.298,4.925,8.975,9.079,189.995,524.186
2010 February,163.374,133.401,0.1,45.959,8.904,15.399,0.4,0.86,81.052,5.531,6.79,8.769,173.763,471.414
2010 March,156.623,115.016,0.152,50.613,7.772,18.32,0.147,0.959,92.166,7.775,7.751,10.755,196.411,469.018
2010 April,138.249,90.637,0.181,47.946,5.77,17.319,0.083,0.889,92.36,6.809,8.332,10.911,190.601,420.424
2010 May,154.878,86.564,0.162,48.02,5.459,18.357,0.138,0.892,95.898,6.206,7.576,10.47,193.177,435.588
2010 June,176.156,88.358,0.188,47.831,5.092,18.962,0.193,1.044,94.077,7.287,7.065,10.173,191.912,457.362
2010 July,190.314,97.907,0.211,46.744,5.284,18.964,0.244,0.982,97.273,7.052,8.693,9.794,195.242,484.432
2010 August,190.135,100.788,0.152,50.572,5.585,18.865,0.121,0.9,96.778,7.922,6.956,10.898,198.749,490.64
2010 September,161.817,87.688,0.214,49.613,5.576,17.899,0.099,0.918,92.258,7.656,7.244,9.842,191.319,441.761
2010 October,145.096,89.142,0.163,49.823,6.461,18.151,0.189,0.887,94.078,6.123,7.133,8.956,191.963,427.169
2010 November,148.654,105.838,0.116,49.586,7.584,17.158,0.573,0.839,88.885,6.879,7.79,9.17,188.58,444.009
2010 December,178.577,145.942,0.127,55.222,10.115,17.564,0.642,0.783,92.872,6.785,7.666,10.292,202.069,527.556
2011 January,179.789,155.278,0.123,52.27,9.263,17.095,0.24,0.862,87.386,6.647,8.488,10.829,193.204,529.267
2011 February,148.845,131.744,0.135,46.607,8.438,15.509,0.576,0.759,80.845,4.881,7.459,7.768,172.976,454.464
2011 March,147.649,119.635,0.191,53.222,7.422,17.579,0.34,1.042,91.82,6.401,6.74,11.519,196.276,464.555
2011 April,135.652,97.736,0.109,47.586,5.716,17.904,0.105,0.918,88.971,6.306,6.734,9.797,184.145,418.497
2011 May,148.133,89.191,0.196,48.41,5.268,18.076,0.003,0.848,91.824,7.587,6.821,8.153,187.186,425.506
2011 June,167.57,88.707,0.176,49.917,4.685,18.923,0.054,0.843,91.188,6.735,6.764,8.606,187.891,445.132
2011 July,185.729,101.341,0.2,46.488,4.606,18.704,0.115,0.825,94.507,6.767,4.795,11.12,188.128,476.194
2011 August,182.866,101.39,0.199,52.289,5.19,19.735,0.07,0.953,92.654,8.455,5.069,10.405,195.019,480.27
2011 September,153.977,88.589,0.133,49.538,5.217,17.401,0.095,0.842,88.335,6.211,6.927,10.078,184.777,428.306
2011 October,140.772,93.34,0.172,52.221,6.476,17.569,0.026,0.714,90.037,7.225,5.904,9.436,189.781,424.888
2011 November,135.892,108.898,0.123,51.687,7.513,17.404,0.072,0.836,85.934,6.662,5.91,10.595,186.737,432.489
2011 December,148.729,136.481,0.113,50.023,8.786,17.176,0.156,0.771,90.246,4.23,7.576,9.751,188.828,475.034
2012 January,142.417,148.325,0.133,50.764,8.747,16.607,0.071,0.845,85.277,7.395,6.601,9.057,185.498,477.242
2012 February,127.804,134.53,0.111,48.052,7.417,16.044,0.325,0.904,83.654,5.237,5.369,9.737,176.85,440.122
2012 March,118.334,114.261,0.152,48.381,6.201,17.536,0.088,0.768,89.201,5.799,6.018,9.642,183.787,417.385
2012 April,107.216,104.823,0.148,46.817,5.579,16.591,0.025,0.842,87.934,6.098,5.981,7.687,177.702,390.711
2012 May,127.076,100.505,0.182,48.86,5.299,17.884,0.103,0.849,93.315,7.042,4.631,7.951,186.114,414.698
2012 June,142.666,100.234,0.137,46.92,4.538,18.999,0.024,0.725,90.44,6.815,5.15,9.891,183.639,427.51
2012 July,170.138,111.14,0.217,46.347,4.997,18.642,0.002,0.746,91.751,6.312,6.69,9.506,185.21,467.491
2012 August,163.514,107.809,0.145,48.763,5.226,18.667,0.004,0.764,95.078,7.519,5.857,9.448,191.47,463.795
2012 September,138.507,96.89,0.153,46.428,4.934,16.928,0.055,0.715,86.253,6.624,5.315,7.637,175.041,411.408
2012 October,133.439,101.945,0.155,50.449,6.665,17.177,0.038,0.782,90.263,5.662,4.54,10.833,186.564,422.951
2012 November,140.071,116.444,0.107,48.693,7.288,16.969,0.04,0.816,85.402,6.688,4.57,10.636,181.21,438.695
2012 December,146.691,134.655,0.098,46.285,8.389,17.534,0.028,0.642,87.216,6.695,2.859,12.118,181.864,464.212
2013 January,149.821,155.368,0.119,53.19,9.436,16.644,0.14,0.886,86.386,7.415,4.978,8.871,188.064,494.229
2013 February,134.977,138.506,0.079,46.93,8.26,15.409,0.026,0.801,78.536,4.679,3.923,9.13,167.773,442.136
2013 March,140.989,135.918,0.125,48.939,8.466,17.689,0.193,0.882,89.427,5.366,6.431,8.434,185.953,463.834
2013 April,122.846,105.853,0.123,48.374,6.566,17.74,0.059,0.759,88.633,4.76,3.845,8.972,179.832,409.474
2013 May,130.276,94.138,0.162,48.576,5.478,18.526,0.015,0.894,93.461,7.297,3.559,10.773,188.74,414.128
2013 June,148.667,93.671,0.156,45.601,5.308,17.863,0.01,0.951,90.731,7.173,4.052,9.197,181.042,424.322
2013 July,163.658,103.616,0.175,46.654,5.002,19.631,0.013,0.85,94.82,6.879,5.308,11.762,191.092,459.341
2013 August,161.652,103.645,0.148,47.432,5.263,19.35,0.01,0.839,94.595,7.383,5.978,8.916,189.914,456.186
2013 September,144.811,94.953,0.111,46.107,6.053,17.406,0.049,0.804,89.546,7.16,5.237,11.642,184.113,424.821
2013 October,133.705,100.325,0.121,51.609,6.806,18.475,0.018,0.808,92.439,5.803,3.907,9.853,189.841,424.846
2013 November,132.748,124.792,0.152,48.22,8.456,17.559,0.004,0.671,89.324,6.981,5.106,11.186,187.658,446.141
2013 December,153.696,157.596,0.076,49.549,9.727,18.136,0.249,0.798,89.488,5.673,2.476,10.893,187.065,499.333
2014 January,165.992,173.735,0.104,56.539,10.807,17.323,0.237,0.729,85.398,8.283,4.742,8.021,192.183,532.891
2014 February,152.089,148.536,0.065,48.904,8.702,15.831,0.058,0.651,80.597,5.129,3.14,8.838,171.913,473.424
2014 March,145.136,138.44,0.128,52.58,8.045,18.196,0.03,1.01,90.021,3.381,2.634,9.017,185.043,469.599
2014 April,118.302,105.908,0.121,50.007,6.179,17.882,0.024,0.885,89.556,5.921,3.946,10.281,184.802,409.962
2014 May,129.285,97.64,0.142,51.08,5.013,17.779,0.025,0.902,93.2,6.948,3.294,9.758,188.141,416.047
2014 June,148.407,94.12,0.115,48.638,5.363,18.965,0.02,0.791,90.285,6.428,3.596,8.56,182.762,426.237
2014 July,161.861,101.482,0.189,49.929,5.012,19.791,0.151,0.958,95.561,7.802,3.698,9.41,192.502,456.826
2014 August,160.916,104.313,0.148,49.741,5.684,19.327,0.018,0.892,96.289,6.536,3.182,9.412,191.231,457.442
2014 September,138.659,97.598,0.121,48.927,5.997,18.207,0.229,0.972,88.182,7.535,3.932,10.799,184.901,422.107
2014 October,124.412,103.228,0.123,55.129,7.038,18.784,0.207,0.881,94.414,6.829,3.593,9.844,196.841,425.462
2014 November,131.167,127.501,0.111,48.851,8.587,18.137,0.078,0.925,89.042,7.297,4.794,9.572,187.396,447.013
2014 December,137.141,145.036,0.133,53.857,9.406,19.519,0.285,0.774,92.273,5.018,3.688,8.721,193.673,476.831
2015 January,142.702,169.461,0.086,54.868,10.164,17.461,0.032,1.065,89.171,7.602,4.297,8.591,193.336,506.475
2015 February,134.174,159.167,0.082,53.539,9.345,16.574,0.103,0.771,82.169,3.709,2.571,9.045,177.909,472.131
2015 March,118.251,140.804,0.095,52.841,8.434,19.656,0.144,1.059,93.447,7.089,3.846,9.077,195.689,455.72
2015 April,98.996,108.871,0.149,50.253,6.509,18.759,0.008,0.999,91.925,6.87,2.431,9.25,187.155,395.965
2015 May,114.983,100.644,0.145,48.491,5.801,19.289,0.262,1.107,95.41,7.214,3.429,11.806,192.954,409.556
2015 June,136.839,102.991,0.13,48.13,5.754,20.323,0.005,0.886,93.916,7.415,2.833,10.927,190.32,431.093
2015 July,151.013,112.154,0.192,50.021,5.847,20.955,0.011,1.089,97.675,7.521,4.754,11.462,199.527,463.67
2015 August,145.63,111.32,0.118,50.114,6.168,20.332,0.02,0.845,97.52,7.749,4.353,9.676,196.895,454.82
2015 September,128.772,103.059,0.115,50.326,5.279,18.848,0.008,0.858,92.59,5.159,3.779,8.827,185.789,418.565
2015 October,108.582,107.722,0.15,51.646,6.976,20.491,0.037,1.01,95.365,6.191,3.451,7.189,192.507,409.786
2015 November,99.696,122.072,0.097,46.636,7.167,18.722,0.016,0.701,90.802,5.574,4.249,9.453,183.418,406.129
2015 December,102.261,140.619,0.102,49.271,8.74,20.036,0.32,0.902,94.41,5.328,4.627,10.563,194.299,438.155
2016 January,123.506,168.248,0.08,49.802,10.087,18.401,0.025,0.945,89.296,7.173,4.475,9.838,190.121,482.862
2016 February,102.649,144.227,0.109,48.208,8.262,18.224,0.027,0.962,88.862,6.375,2.502,12.323,185.855,433.655
2016 March,83.219,127.936,0.104,50.775,7.616,19.636,0.134,0.993,96.673,6.876,5.277,9.669,197.753,409.895
2016 April,80.832,113.052,0.15,47.084,6.313,19.243,0.042,0.883,91.729,5.371,6.345,10.587,187.747,382.586
2016 May,91.813,106.555,0.121,47.453,5.819,20.033,0.101,0.92,97.081,5.214,4.723,9.297,190.764,390.118
2016 June,125.26,108.49,0.127,47.471,5.126,21.166,0.127,0.982,95.765,4.514,4.777,10.044,190.099,424.803
2016 July,145.291,118.617,0.13,45.336,5.487,21.838,0.137,0.798,98.695,6.097,6.196,9.406,194.119,459.014
2016 August,144.396,119.793,0.152,48.969,5.208,21.86,0.009,0.862,99.809,8.256,4.641,11.651,201.419,466.594
2016 September,123.31,105.57,0.113,47.881,5.749,20.092,0.172,0.844,94.641,5.214,3.574,10.218,188.497,418.332
2016 October,109.129,104.328,0.105,50.594,6.864,20.436,0.244,0.916,93.599,5.875,4.973,10.927,194.532,408.976
2016 November,97.179,117.168,0.12,48.202,7.127,20.057,0.025,0.815,91.944,8.858,4.316,9.187,190.651,405.953
2016 December,128.616,155.867,0.104,51.285,9.386,20.986,0.273,0.803,95.422,7.203,4.468,10.75,200.68,486.15
2017 January,124.73,158.281,0.101,48.267,10.061,20.166,0.306,0.945,87.538,7.951,7.888,10.029,193.253,477.207
2017 February,96.549,126.987,0.09,45.77,7.375,17.397,0.1,0.803,83.912,3.931,3.686,9.276,172.342,396.73
2017 March,98.28,136.906,0.11,52.95,8.341,21.278,0.03,0.997,96.246,3.428,4.666,11.529,199.574,435.702
2017 April,89.637,104.589,0.112,46.402,6.648,20.194,0.03,0.861,92.727,5.355,3.995,11.978,188.3,383.438
2017 May,101.733,102.359,0.126,50.133,6.01,21.189,0.037,0.913,98.415,6.557,5.209,10.692,199.281,404.315
2017 June,115.847,103.37,0.174,48.558,5.167,21.647,0.019,0.807,97.391,5.11,4.939,11.842,195.654,415.783
2017 July,136.263,116.017,0.137,46.193,5.876,22.011,0.007,0.807,99.021,8.554,4.191,11.308,198.105,451.327
2017 August,128.799,113.379,0.148,50.839,5.298,22.37,0.012,0.641,100.46,5.578,5.06,10.762,201.167,444.287
2017 September,108.59,103.895,0.102,48.384,5.727,19.988,0.175,0.771,93.458,6.36,4.269,10.162,189.396,402.793
2017 October,100.003,109.929,0.103,51.301,6.939,22.233,0.017,0.856,96.326,3.31,4.719,11.213,197.017,407.891
2017 November,101.805,127.762,0.112,51.543,8.149,20.707,0.041,0.825,90.487,7.244,5.574,10.661,195.343,425.821
2017 December,115.717,167.492,0.134,50.864,9.894,22.289,0.011,0.657,95.269,7.281,4.59,11.011,202,486.152
2018 January,126.532,180.91,0.103,58.256,11.718,19.909,0.449,0.734,90.2,6.411,4.728,11.185,203.693,512.079
2018 February,91.889,146.563,0.069,46.34,9.193,18.23,0.034,0.846,81.927,3.399,3.944,11.474,175.457,414.76
2018 March,89.843,151.159,0.141,53.823,9.227,21.659,0.076,0.92,97.751,5.522,3.446,12.391,204.956,446.9
2018 April,82.481,126.789,0.13,51.353,7.659,20.023,0.037,0.821,92.045,5.559,5.773,9.336,192.737,402.919
2018 May,94.877,110.606,0.133,53.954,6.006,21.388,0.098,0.715,97.736,5.76,4.319,10.127,200.237,406.662
2018 June,110.478,111.111,0.152,48.938,5.549,22.816,0.021,0.884,97.783,6.463,3.961,11.495,198.061,420.562
2018 July,124.677,126.806,0.176,50.771,6.454,22.512,0.029,0.891,99.285,6.103,5.059,10.112,201.393,453.819
2018 August,124.558,124.783,0.16,53.661,6.665,23.586,0.028,0.934,100.584,8.309,4.271,10.727,208.926,459.209
2018 September,106.823,116.161,0.099,49.808,6.752,20.932,0.005,0.668,91.461,7.339,4.932,8.327,190.322,414.218
2018 October,97.082,123.171,0.176,55.806,7.933,21.266,0.013,0.748,95.62,7.811,3.996,11.378,204.745,425.941
2018 November,102.997,146.685,0.077,52.195,9.798,21.577,0.016,0.793,92.537,4.945,4.842,10.625,197.405,447.999
2018 December,110.318,162.163,0.133,51.551,10.8,21.285,0.012,0.636,94.471,5.091,5.367,9.969,199.316,472.739
2019 January,110.185,185.788,0.093,55.977,12.723,20.581,0.334,0.791,90.588,5.575,4.661,11.364,202.686,499.589
2019 February,90.424,163.767,0.086,50.16,10.755,18.425,0.198,0.658,84.056,2.2,3.687,7.397,177.621,432.652
2019 March,89.001,158.607,0.136,53.748,9.961,21.728,0.006,0.677,94.662,5.582,3.232,10.153,199.884,448.421
2019 April,68.856,119.503,0.124,51.155,7.583,21.572,0.021,1.052,93.915,4.298,2.504,11.619,193.842,383.101
2019 May,81.187,115.171,0.162,52.641,7.075,22.512,0.018,0.742,97.555,6.057,2.806,12.115,201.683,398.972
2019 June,88.734,114.44,0.163,49.483,6.666,22.137,0.01,0.704,96.572,7.363,4.555,10.125,197.778,401.852
2019 July,109.524,129.447,0.185,50.003,7.262,23.45,0.011,0.899,98.125,7.652,4.996,9.943,202.525,442.427
2019 August,103.282,131.566,0.139,51.646,7.131,23.38,0.001,0.8,101.512,6.368,4.809,12.193,207.978,443.756
2019 September,93.719,119.161,0.156,48.693,7.568,20.918,0.07,0.65,91.677,4.819,4.308,11.052,189.91,403.69
2019 October,76.449,124.592,0.151,54.419,8.788,21.924,0.028,0.908,95.58,4.377,4.659,11.665,202.499,404.47
2019 November,84.259,150.716,0.13,52.501,10.309,21.022,0.152,0.71,91.375,6.329,2.947,11.36,196.835,432.71
2019 December,81.899,171.867,0.092,50.4,11.377,22.971,0.178,0.656,92.061,6.859,4.151,11.817,200.561,455.258
2020 January,75.091,179.989,0.129,51.91,10.713,21.238,0.317,0.875,89.515,4.765,3.482,11.239,194.182,450.192
2020 February,66.453,165.753,0.077,49.045,9.41,19.23,0.347,0.71,87.248,4.526,2.571,11.973,185.138,418.213
2020 March,60.738,147.28,0.124,50.924,9.803,17.619,0.066,0.558,80.465,4.786,1.332,12.986,178.664,387.613
2020 April,49.481,121.968,0.067,43.667,6.854,8.331,0.031,0.573,58.836,3.464,1.051,9.98,132.855,305.204
2020 May,54.951,111.815,0.146,44.088,7.075,7.58,0.002,0.577,73.905,4.2,0.895,11.303,149.771,317.467
2020 June,73.194,114.894,0.12,43.189,6.348,9.634,0.012,0.689,82.169,4.13,2.95,9.514,158.756,347.744
2020 July,96.691,133.205,0.137,46.006,6.66,12.285,0.001,0.781,87.013,5.004,5.055,9.99,172.932,403.757
2020 August,98.066,129.623,0.121,46.83,7.091,12.895,0.12,0.662,87.791,6.898,4.47,10.329,177.207,405.826
2020 September,76.737,116.029,0.128,47.083,7.616,11.317,0.094,0.707,84.983,5.647,4.557,8.06,170.192,363.857
2020 October,68.753,124.978,0.127,51.746,9.198,12.769,0.033,0.772,85.803,4.132,3.723,8.123,176.427,371.087
2020 November,69.544,131.897,0.117,48.091,10.272,13.879,0.013,0.699,79.295,5.646,2.937,9.289,170.238,372.578
2020 December,86.495,172.391,0.104,49.666,12.967,14.58,0.103,0.793,80.424,4.829,2.84,10.193,176.499,436.315
2021 January,90.112,180.773,0.124,51.5,13.277,14.36,0.094,0.797,79.659,5.088,3.612,9.15,177.662,449.48
2021 February,94.589,167.947,0.053,46.888,9.948,12.463,0.403,0.691,72.739,2.627,3.361,7.917,157.09,420.468
2021 March,71.094,142.71,0.099,53.251,9.833,14.602,0.03,0.676,87.787,4.863,4.094,10.69,185.927,400.663
2021 April,62.061,122.543,0.158,51.105,8.217,15.875,0.063,0.727,88.179,3.741,1.955,13.292,183.312,368.818
2021 May,72.402,114.027,0.099,50.925,8.108,16.4,0.01,0.747,93.161,6.514,3.845,10.071,189.88,377.241
2021 June,94.433,120.947,0.177,49.838,7.58,17.522,0.001,0.762,93.073,5.593,4.899,8.981,188.428,404.71
2021 July,110.08,130.456,0.114,47.939,7.797,19.062,0.013,0.761,95.492,4.293,5.126,9.55,190.147,431.615
2021 August,109.627,131.531,0.166,52.045,8.018,19.851,0.028,0.674,94.443,6.46,5.024,8.955,195.664,437.754
2021 September,87.816,115.183,0.15,50.893,7.769,18.244,0.026,0.631,88.885,5.001,4.825,9.133,185.557,389.459
2021 October,72.7,121.806,0.126,51.895,8.488,18.623,0.159,0.722,92.413,4.529,5.214,11.351,193.519,388.957
2021 November,67.273,144.885,0.108,53.057,9.753,18.517,0.058,0.753,89.497,4.928,5.796,8.26,190.728,403.788
2021 December,70.34,162.407,0.115,51.63,11.544,19.266,0.014,0.671,91.205,6.409,6.313,8.703,195.87,429.549
2022 January,95.832,194.475,0.079,53.437,12.752,18.066,0.208,0.801,81.954,4.973,4.881,10.132,187.283,478.522
2022 February,79.927,165.666,0.11,49.387,11.241,16.077,0.027,0.704,79.939,3.372,4.79,10.508,176.156,422.591
2022 March,69.794,150.21,0.155,54.389,9.852,19.338,0.012,0.922,90.942,4.855,6.368,11.11,197.944,418.88
2022 April,62.981,127.649,0.13,48.094,8.931,18.889,0.021,0.832,87.057,4.79,4.302,10.696,183.741,375.273
2022 May,70.194,120.814,0.093,50.586,7.385,19.984,0.015,0.667,93.598,3.904,5.015,9.379,190.625,382.566
2022 June,82.845,125.084,0.174,50.491,7.626,20.978,0.03,0.913,90.538,4.213,4.064,10.218,189.245,398.076
2022 July,96.848,139.454,0.098,48.561,8.01,20.296,0.058,0.492,89.862,6.929,4.781,11.559,190.648,427.882
2022 August,94.71,138.14,0.198,50.546,7.843,20.95,0.012,0.933,93.063,5.605,5.407,11.816,196.371,430.153
2022 September,74.522,123.455,0.12,50.665,7.949,18.98,0.038,0.648,87.797,5.031,6.558,11.225,189.01,387.889
2022 October,64.488,127.594,0.127,53.574,9.678,19.347,0.076,0.803,90.361,3.678,4.116,11.076,192.836,385.849
2022 November,66.014,149.986,0.137,51.368,10.101,19.74,0.003,0.739,87.783,5.403,4.95,10.984,191.208,408.11
2022 December,82.61,183.351,0.119,48.582,11.231,20.326,0.074,0.71,88.043,4.258,3.808,10.047,187.197,454.091