"COAL, Thousand Short Tons","NATURALGAS, Billion Cubic Feet","ELECTRICITY, Million Kilowatthours","PETRO_INDUSTRIAL, Thousand Barrels per Day","PETRO_RESIDENTIAL_COMMERCIAL, Thousand Barrels per Day","PETRO_TRANSPORTATION_ELECTRICPOWER, Thousand Barrels per Day","CO2, Million Metric Tons"
-1.1839555926711445,0.9657834738996474,-1.607532839389654,-0.6158167531224171,4.489443110251243,2.572063430136024,0.44247022655683754
-1.4760055781105093,0.512514117824567,-1.8404467137018166,-0.2292387546255674,4.1627434454665835,2.319157818314343,-0.3464579561508282
-1.485433390606683,0.2858794397870268,-1.7759364455394704,-0.859148481975752,2.2699747480368595,1.6920236402192421,-0.5017986216958997
-1.6063854103552704,-0.08163625432790327,-1.8955951771167567,-1.5764354574962065,1.12829871016923,1.3195699155689318,-1.2955641228485528
-1.5671684760445885,-0.2980621630844732,-1.7865946080220014,-0.5067509675267869,0.5315019969405095,1.3928768804852587,-1.1372279630362925
-1.4772948083007298,-0.6962041650423141,-1.5932099115447715,-0.38736872686990576,-0.05508535176369015,2.0531635261448598,-1.461975973286543
-1.324804966627365,-0.6472020724936567,-1.4188056691216984,-0.6447276655833951,-0.1912313167201396,2.2759030433548153,-1.2639899940862973
-1.2610381374239417,-0.5981999799449994,-1.3680825063398954,0.43957929670093804,0.0736792690223175,2.54694020524691,-0.9489368605521492
-1.4579569961889376,-0.7104964420356724,-1.6542147465049426,-0.009623309761111302,0.23690247363759886,2.171119044798257,-1.434591488533125
-1.3936759427900025,-0.34093899406454836,-1.6916049634018564,-0.028553940561547687,1.0516836288976203,2.0605300508279507,-0.9477629506366296
-1.3799991985179523,0.061286515605680644,-1.7762263574568598,0.6235903383361624,2.131676110870589,2.0463043949246185,-0.4816397548707678
-1.1776665398912334,0.6268523337714341,-1.6998802931807846,-1.0872667585231124,3.040605018366035,1.84307985159399,-0.04911467048012596
-1.1868484241416608,0.7248565188687488,-1.6447238142829401,-0.7004360946677669,3.1730049115848042,1.9719391522143472,-0.061015688244360045
-1.4678734614689986,0.36550784017859494,-1.8514818412732128,-0.9351322354633955,3.162230998220944,1.855563801773825,-0.8397429985826824
-1.4309827101270283,0.2613783935126981,-1.7454408007235112,-1.599177480992578,1.8047231905318326,1.4952005384954257,-0.80215764145992
-1.5744110104575246,-0.3756488096198473,-1.8575817773703978,-1.2214020866378612,0.9818906191144893,1.324799174726875,-1.4396109654132783
-1.4865158360331896,-0.5451143796839539,-1.6969755184832376,-1.3715067219022132,0.08098674698948077,1.5674098767370162,-1.4567540981450935
-1.5244003192255724,-0.8901707813807493,-1.6602884018724646,-0.5021772962916641,-0.23266498060182453,1.685980480527011,-1.7251746722765227
-1.2777967901645408,-0.7370392421661952,-1.3557668704638557,-0.4459549715628988,-0.3013077880767665,2.1921023532292607,-1.3071413033947132
-1.2723487980052695,-0.7452062575909714,-1.4134155501177565,-0.26672958311610717,-0.2848936624768784,2.1139679019378192,-1.2578775665951423
-1.5473243616324588,-0.6900789034737319,-1.715763461305126,-0.5621296469060055,0.2544931823325607,1.9183294086252283,-1.664131356669497
-1.42857841494194,-0.34502250177693644,-1.7195562928586228,-0.1702349697215091,1.0203485302355397,1.8864506022021683,-1.0233587012308765
-1.5049094281394029,-0.09797028517745571,-1.7492300155347218,-0.4592199028838666,1.5861636473464382,2.2166456998751176,-0.9395658210541215
-1.3329822846707464,0.46759553298829776,-1.610450949951615,-1.238564059928834,3.1628483086340538,2.443023953061512,-0.14614439694567247
-1.2012035971863813,0.7616080882802417,-1.5460190212650435,-0.4791761837412418,2.610540154408309,2.4445979082932094,0.12820644624174687
-1.4414925020558753,0.13070614671627853,-1.7872386953625763,-1.6931347346429702,2.6379445158245156,2.053884231961479,-0.9752486345206958
-1.3555871795507621,0.05720300789329254,-1.6697823922665165,-1.706117023359523,1.5711635319235886,1.531534052422935,-0.7803795885444162
-1.5511918774554339,-0.6124922569383577,-1.7991658596028632,-2.0757600191416747,1.1122222586414698,1.3884263149682603,-1.5025163450242336
-1.6024072792460158,-1.1106801978497072,-1.7009105480548834,-2.2779201419514843,0.034039498648817244,1.3019954628107897,-1.941295535688938
-1.4851512895895935,-1.2617699832080673,-1.572636568780789,-1.8211932467627365,-0.19252397527750786,1.6586620022884242,-2.000557746596554
-1.3304985957862376,-1.1474317672612002,-1.3723954924625763,-1.0854295815943964,-0.457518979537997,1.7995827703685299,-1.7270367362804535
-1.2404967214888756,-1.0330935513143331,-1.3322568167490112,-1.4526808213982558,-0.3084780859521274,2.126567827766305,-1.5968541746145368
-1.5332849576593142,-1.031051797458139,-1.6742423661471306,-1.084521699289297,0.1326350515530635,1.3891014589229096,-1.9324912113225399
-1.4878915080795663,-0.6757866264803735,-1.6777764958952448,-0.512973387287681,0.42173154271174895,1.372539722096742,-1.4508440689152347
-1.427742946247306,-0.47977825628574416,-1.7078365816044512,-1.5283626611948176,0.8628763371612018,1.42343025092373,-1.5016257926745293
-1.1311263377359253,0.3552990708976247,-1.4761249040496687,-0.5734481984738264,2.7241041657911422,1.9595753196706154,-0.07487996914317102
-1.0196904363150021,0.8494035040965862,-1.3507214730818338,-0.40736997359616706,3.5846296055098685,2.5790240400488353,0.4081434814409489
-1.3764807703256647,0.1286643928600845,-1.6529472528868276,-0.6762979880041207,2.686559029896316,1.9120398006796147,-0.7691262452163307
-1.2729441051278492,-0.3143961939340256,-1.5482030867497203,-1.0779395525773263,1.7379428666109766,1.76857171031663,-0.7382605103686122
-1.401149377147547,-0.7492897653033596,-1.7017999035866351,-1.274596709528396,0.6114516096743898,1.6034389545868146,-1.3732850551864122
-1.3855424864162205,-0.9003795506617196,-1.6431908741238268,-1.1171219542306656,0.27749195233896157,1.3617374188223523,-1.5229788092413112
-1.2851826176813461,-1.102513182424931,-1.4196335819273527,-0.8146022945340299,0.11482802040564384,1.8443970036036743,-1.5087299716460367
-1.0980100199486436,-1.026968289745751,-1.2378563799436304,-0.7599794699984438,-0.2731964215720399,1.9872106599492683,-1.2709929739271566
-1.075337614211967,-1.139264751836424,-1.2385873249560975,-0.3245492668062053,-0.25309426196561946,2.110057865783285,-1.3207019869015786
-1.3288382597566866,-1.1698910596793348,-1.5374399828838654,-0.15933824082846354,0.05548180222899881,1.6464182873807962,-1.5849126771980433
-1.2318671564298673,-0.5185715795534312,-1.5545879774534388,-0.057263577228466644,0.6707978278510354,1.6522854126063227,-0.9715852259912292
-1.0847600095298242,3.389991985897258e-05,-1.4800628940435707,0.062478390379490996,2.449474898160226,2.4437819367651983,-0.249286550902374
-0.8313428351305704,0.7289400265811369,-1.2734224041954723,0.8667250738591462,3.812042540773893,2.807636895465495,0.9425760903943841
-0.8169041326911551,1.0862469514150968,-1.0985749083606278,-0.07804637358057961,5.1112751902338935,3.9020390329708947,1.1504593445720297
-1.1954609804257381,-0.12042957759559032,-1.5693950739799707,1.3327556214433118,4.000902594084082,2.5901162824448525,-0.273230265213751
-1.1758781138066379,-0.32664671707119,-1.478793822464536,-0.05687173179961475,1.6624621591754252,2.0843651176195435,-0.49348005315661325
-1.406042370650856,-0.8901707813807493,-1.6508308861149052,-0.30756501575891587,0.6639124424740335,1.9014093898844764,-1.261115938775887
-1.243463063486661,-1.0126760127523926,-1.4765702660640851,-0.43953769970350187,0.40631988701349364,2.0811467933694665,-1.2552059095460282
-1.0898583898153464,-1.1065966901373192,-1.3168916666626969,0.5382044357879274,0.14020633738907748,2.322902174970803,-1.1257519816207802
-0.8412719987426,-1.1229307209868715,-1.06362874346532,-0.11995884584477338,-0.13220694414349257,3.002977165681553,-0.9006851150590621
-0.90959723787672,-1.0433023205953034,-1.102792337079971,0.5623339775241692,0.004107857849021206,2.6144794526365547,-0.8292385288213935
-1.1590953458851427,-0.914671827655078,-1.38020074349409,0.48537168108032097,0.2363854102146512,1.9955940425517842,-1.1160773447308079
-1.1803688963822163,-0.7288722267414189,-1.517780474992282,0.7502420611293975,0.8445786233777202,1.502152864433333,-0.8973455437476693
-1.1490588289436694,-0.37769056347604135,-1.5074079653290813,0.7261767563487066,1.2730922970666032,1.808891887166532,-0.6541640327999129
-0.9717302926991133,0.47576254841307397,-1.2672060341323323,0.6131068671904877,3.0115650481629537,2.6296909015534236,0.5420299312885906
-0.9664507573107327,1.0352031050102455,-1.0784321254997742,0.5349626107645294,2.862344765226266,3.47835306552882,0.7588187089632825
-1.4804776044342793,0.5390569179550897,-1.4186279879292276,0.9881329198476879,3.2734312910988743,3.831610749333594,-0.039460273416281784
-1.6086551498208714,0.08782931573620337,-1.4226056224457202,0.08425043584706515,2.245424787761617,3.1406319766558863,-0.20073120801734126
-1.4341384786182225,-0.6859953957613438,-1.6103956096053595,-0.05360207076214545,0.49957069249482533,1.8140755844625052,-1.1269663711885594
-1.2516519731266567,-1.0106342588961985,-1.3934518728034784,0.40800040935280807,0.5001088605472805,1.6811737040891555,-0.9418731612329012
-1.0548516515431137,-1.2781040140576199,-1.2114032475772194,0.32344316353115904,0.1860086595789289,2.0370304850199568,-1.1587833778643708
-0.8564946775580219,-1.1065966901373192,-1.0108499025678719,0.1303982647138223,-0.13148938674021865,2.2556342277592547,-0.9262884951130703
-0.7484056021001197,-1.2046008752346338,-0.9590221811061594,0.35381653734680996,0.38247165566939395,2.5949582657760497,-0.6587179936790837
-0.925010216923989,-1.3066885680443365,-1.2502703521099383,0.47220310519267567,0.453583704796778,2.0440697926943527,-1.1696116848437332
-1.042745306490706,-0.8881290275245554,-1.3869656434944664,0.6815427784010666,0.995671942183247,1.782985826649021,-0.7924830045699478
-1.0338803562964392,-0.4430266868742511,-1.3817154044421889,0.699621198924546,1.5531982160548585,2.0616338904838654,-0.4423542523531146
-0.7398202482060858,0.3961341480215058,-1.162249527519534,0.509351336586946,2.618486047418091,2.742508284772819,0.5746767708357176
-0.5653549528236046,1.125040274682784,-0.9125491373668351,1.8327161289487208,3.1129411360048853,3.415562606752706,1.2628510990699815
-0.9576640940805305,0.6717709186077033,-1.2393049061756387,2.096969834224521,3.3607780764753286,3.0294568914611433,0.4493922470931779
-0.9343198417340846,0.012284423057023307,-1.2872484558858077,1.8077921901955167,1.5108095676879332,1.3922970022420018,0.0747530654333382
-1.1243848049434702,-0.5736989336706707,-1.4672970365920515,0.4331020703496983,0.5276240212684047,1.2847109491742763,-0.9917643326424915
-0.9831591409665191,-0.91058831994269,-1.353503934861678,1.2278459668717314,0.1290208837498094,1.332374869776284,-0.8969407472250766
-0.8667023889841595,-1.1555987826859766,-1.233871833120453,1.2558190197816828,-0.17659525615630492,1.70865579083209,-1.0895834123270942
-0.6120180608525569,-1.1127219517059013,-1.0167821419155776,0.8346044548525475,-0.32275009165694807,1.7980440220301723,-0.9375013587888964
-0.5914722762252999,-1.0882209054315726,-0.9807806842352865,1.6316715879336208,-0.0868847522749488,1.8371381705943304,-0.6806174855513659
-0.9718814494489277,-1.1147637055620954,-1.317681568763706,1.063979634496829,0.015113922137470863,1.4949520192483157,-1.2459360691786487
-0.8845295073362541,-0.6492438263498508,-1.3319430259539788,1.8492678511619727,0.531876604114277,1.1454531890560837,-0.6530306025366516
-0.8683429202757774,-0.21843376269290501,-1.3624389360908007,1.5837465366299945,1.039247725960001,1.582256830758124,-0.4862746750544576
-0.5616039354590601,0.402259409590088,-1.2060300113586995,1.7068630856361542,1.689022335411311,1.7432268890988434,0.4030835249085362
-0.4302144693243112,0.7406658189772592,-1.0478686283642455,1.5694602377157882,2.853385850000097,1.7138332751468857,0.6401930880173983
-0.6539007711382728,0.5549233871715741,-1.2061527850968474,1.0590034116735918,2.393510696862247,1.847830711201246,0.12260001440383382
-0.7020418368601042,0.3653955437165046,-1.223141405613477,0.5930156887264583,1.0652591818286754,1.1583989708367983,-0.08951336343490895
-1.0641564999164146,-0.6949668622054604,-1.4846669930096525,0.11706909643730169,0.07697686738295076,0.7338121211239497,-1.1852773102680845
-1.0526020080615919,-1.057827357528268,-1.3862203711554135,0.036019188388654824,-0.007304470557458161,0.6931129524222048,-1.4394490468042414
-0.8624780383830122,-1.266069916829212,-1.1951614215035393,0.0008430315297526118,-0.16289307544820136,0.9525794723675942,-1.5572448348788102
-0.45330458028369,-1.1834911821154437,-0.8138064313940852,-0.6213989445596719,-0.556457482671749,1.5119155288573118,-1.127796204059875
-0.47487223113907034,-1.2100258152305412,-0.833753966028507,-0.7620264876486251,-0.6439045150383663,1.698023309043226,-1.2241175366108843
-0.7920717290367189,-1.1754323796450454,-1.167941539772454,0.8830862264376014,-0.17730226124482446,0.950206113557692,-1.3957512621903252
-0.881262541066488,-0.7201621047908949,-1.3485930132642747,0.7234445445060018,0.7305081008866942,0.6337996921119071,-1.0162342824332398
-0.8216268054482389,-0.23362645313684505,-1.3484488043932725,-0.08020901775074636,1.4114331434918894,1.1867488039508929,-0.8258584778577424
-0.43950760960253943,0.5185515839773344,-1.1099733020858207,0.945518123536154,2.4125154157342488,1.4834849269879065,0.3858999125244627
-0.1936345841250973,0.8240980068029176,-0.9576333520682577,0.04589883215216986,2.996311677186008,1.7685447873981934,0.7675623138512921
-0.6506162718505138,0.040875102305308525,-1.3332480275635257,-0.4178877044514713,1.57976366844812,1.0520658689732534,-0.7180611638912195
-0.6311359821240614,0.04991598838053603,-1.2498259536291807,-0.726567688185302,0.1027667246417916,0.7883890187830723,-0.6181371422891335
-0.946845406489155,-0.7900166294728621,-1.4312571073866696,-1.1903071176882032,-0.5399536623964517,0.5988330340435037,-1.5346571889181198
-0.9249286680030876,-0.916080637815852,-1.3572854972606385,-0.7383358984419695,-0.5328414022522379,0.5000569882858346,-1.5156722320085074
-0.6535307720342984,-1.15605817730362,-1.0098241162556716,-0.7196044022037361,-0.6014367243107867,1.0717485933443804,-1.3973906881068272
-0.20445740741174687,-1.1460719591929742,-0.7635784830203731,-1.0937761033521276,-0.7687806078375148,1.1214793656848543,-1.0452379532770295
-0.29173968344627876,-1.1483219719425006,-0.9034351423051854,-1.1593363401859371,-0.6192226508286984,0.6505146824737926,-1.2019751668250462
-0.6514398577023882,-1.2457871340217803,-1.2328229778574538,-0.5768249211038747,-0.556853194475025,0.6490049280475987,-1.5390289913621247
-0.6840114286980478,-0.7275042516577688,-1.3095411895540978,-0.9890099113146076,0.5922991583958324,0.652411712726734,-1.1415997654802972
-0.711193489760569,-0.5230409787446402,-1.390056813080184,-1.4226050788099833,0.864000158682506,0.4345079658667973,-1.1758455512916668
-0.34290615588432,0.4113166296961651,-1.1102976638225928,-1.1779693397589959,1.425837053131135,0.6320517734072321,-0.015374880321997146
-0.1288363358199601,1.0712911044184756,-0.9166319506590014,-1.0433243984635558,1.3355620004104394,1.1984084986278123,0.42346502982109485
-0.649986073439634,0.2226504063684091,-1.3236732539489113,-1.1872751333862668,0.7270627701195044,0.73982421591029,-0.7751172337507072
-0.7379101394816596,-0.07642978199460851,-1.2200250724385713,-1.5199561849452397,0.6877342930312481,0.36286815089983443,-0.792584203700596
-1.0269408926231105,-0.7955477406692919,-1.4307661241481258,-1.1908103071733402,0.6812340671427679,0.14859899802888404,-1.385145593298388
-0.9355217563297125,-1.5091325463936898,-1.3664819652178182,-1.510879503126097,-0.26825266210977844,-0.034762644476462906,-1.9205497139060452
-0.8711263014445983,-1.5526035277459174,-1.241262555214646,-1.46313431529801,-0.6383909305793877,0.049158163285195344,-2.0096454285287675
-0.41221464200759317,-1.490818014303629,-0.9002839124547075,-1.2554947801798289,-1.0373845037438818,0.36442346718799895,-1.6288938193777749
-0.42966616932970725,-1.477479236361113,-0.9697337847961399,-0.9188781444775233,-0.8444565330960159,0.1655728626065098,-1.6010235787972442
-0.8253881329263544,-1.500181497488135,-1.3190693085896454,-1.2622974737725194,-0.015440305232812715,0.03902686197800309,-1.9859445921309473
-0.9244411802037853,-1.153550903568214,-1.4266362513134707,-1.2027455335144372,-0.001695915265693463,-0.037906412952406814,-1.7901647539788321
-0.8197592769103694,-0.6441864020480579,-1.4206803425519619,-1.5179477094683929,-0.2596947348442632,-0.06487282225758828,-1.47782375714606
-0.6227134930749134,-0.2784000734493242,-1.2620577900053769,-1.6399915013168747,0.9497588206884785,0.10907201177600898,-0.886982752769288
-0.4593417633964742,0.6905836386386752,-1.1096672474885745,-2.492968339276375,1.5762866807366678,0.2946434045869107,-0.42986627963112073
-0.9443323599931218,-0.06471011486005461,-1.4328790836416003,-2.3272198641038684,1.2317852609619668,0.4116545501012898,-1.4630082044191548
-0.9011595457787464,-0.2610002470868386,-1.2926286323395255,-2.305873923774771,1.071131544989292,0.24657149822089708,-1.0184201836552411
-1.0536520669166551,-0.7726862227414864,-1.4615939786126895,-2.502252720585128,0.7271419124801596,0.04164666904128961,-1.7107639160722137
-0.9655686309834968,-1.315455859102834,-1.4049558363035117,-2.042328966241867,-0.2679571972966658,-0.13796854581387125,-1.9314185005376685
-0.7378646468336423,-1.6506995917667608,-1.1725572011424459,-1.6421884051966669,-0.16362118516622937,0.14356441228117678,-1.9081629403146971
-0.08307911980376287,-1.6599630290123133,-0.7664818054353029,-1.4800778829401147,-0.3751634390401976,0.49633127057290777,-1.4315555146136778
0.11897056406742867,-1.582999117403078,-0.6303774534332751,-1.2901527589306314,-0.10228057950107343,0.5193172299368737,-1.1511124837612337
-0.4419979971484078,-1.7083750546965306,-1.110418943385356,-0.707446487750069,-0.21734301957897784,0.1868398971779642,-1.7321169326389945
-0.6087181255190556,-1.5802795012666278,-1.287489939763627,-1.4671127240783757,0.01508754135058582,-0.03600109872456167,-1.7404152613521517
-0.5529654000187525,-1.1938673752126217,-1.2870155739896412,-1.1741086987304716,0.6660018007953304,-0.07561092472647388,-1.4638380372904705
-0.021201080106872487,-0.4668559961298921,-0.876680773009825,-1.5519697423592553,1.8783941759870688,0.6725831916171775,-0.2647295382392973
0.05913881979286992,0.9496495349280019,-0.8156793732566133,-0.6066073149284745,2.3471807589346945,0.6365230488614899,0.6024660521117293
-0.46071440648293144,0.1629842334288503,-1.194301823801177,-1.1377227458753882,1.0552608635992353,0.05941579520966798,-0.7630138177251756
-0.3423027521188791,-0.07080475012079367,-1.046595856257388,-1.0486175236008335,1.4559058740227344,0.05816077301176155,-0.4203940410024437
-0.6966193578632285,-0.5642619473473417,-1.3120051964774293,-1.197133364831259,0.4977187612554937,-0.27844197924917785,-1.1780516923397983
-0.6255499975407784,-1.0803193180081019,-1.1560375980897803,-0.9256358722013298,0.11336652481221093,-0.20434596572327593,-1.3409013333789712
-0.24450357774953613,-1.4283934319043519,-0.9128205326808596,-1.0589254137346762,-0.2358676081296714,0.16971899204579796,-1.407227243605835
-0.028077343366502163,-1.4755334449361601,-0.7514098209380101,-0.7562665739676842,-0.31738951576190283,0.020814543152277876,-1.2316062722788552
0.15454424208761308,-1.472317682612655,-0.639618914223065,-0.5916336805898887,-0.00036104744930889106,0.29713066805173804,-0.973204412081601
-0.39441443479939603,-1.6128516005344915,-1.1160832086617403,-0.995587775562876,0.10455534199259907,-0.24905043629094656,-1.7108246355506
-0.3634442516133209,-1.4186256814563187,-1.175696030733657,-0.5591768881825807,0.1322709966940495,-0.2671239985370349,-1.3943344743612496
-0.3664413492041326,-0.985385930710503,-1.1832446187411536,-1.6640610885612697,0.7986866065124592,-0.06829617488653066,-1.1940411549822232
-0.1606976739637987,-0.29263722308856477,-1.048767535447054,-1.7969330898835447,1.2607566411191464,-0.2515459837306781,-0.6007106519915042
0.22978185900347683,0.46291583314990115,-0.6589423443671503,-1.4875400759431143,1.3173909144040066,0.24285199348914788,0.2557983101630662
-0.29864984775731224,0.5557012953907837,-1.0731136710572724,-1.3684640314410184,1.3149375012236952,0.024366297392227915,-0.41932133021756995
-0.35222405208496493,-0.3159397598493085,-1.1183314538666775,-1.8467252953618085,0.5590224338190105,-0.3424356853800508,-0.7593908888479675
-0.5330308245536505,-0.8761173895885666,-1.2590503221697114,-1.592892965507986,-0.10454405101581167,-0.44145817939110427,-1.2998347261619083
-0.35576572171970966,-1.485664627570595,-1.092184013026859,-1.1493560585254015,-0.3984154646006948,-0.36317668754512167,-1.4297946497403984
-0.22867766991636027,-1.630335138805081,-0.9726621590862108,-0.9690878901668579,-0.5021499947901519,-0.2569989102110207,-1.587564094421027
0.1897773368645763,-1.5440097857651964,-0.6749192126487906,-1.1107046823712705,-0.5131718875507325,-0.2048367912363186,-1.1690652095382341
0.12798917572836532,-1.5452613808790434,-0.6849359828921421,-0.8384727472162219,-0.32135718610941655,-0.02329762320977978,-1.0433354096208425
-0.24645230571293203,-1.7025193046369658,-1.0141297013227095,-1.1883007834432038,-0.24848817657548702,-0.2659973779501353,-1.7491993458924209
-0.34201086523128205,-1.4857462977248432,-1.12189472701692,-0.6857750801795215,0.1503945972840899,-0.29161971232719547,-1.3729004984899487
-0.3517428552024175,-1.1477502808627664,-1.1546585719595421,-1.8037400659399396,0.531338436061823,-0.3370738826236484,-1.3282716818740685
0.25026333648168003,0.05910388073340928,-0.7798374013433133,-1.5034558522964272,1.5229077965534246,0.10858739924414403,0.1388323549598132
0.28939650840074965,0.5669983194771052,-0.8039856075899612,-1.6392249403139836,1.7349143522765706,0.10072797805428449,0.3568557620284135
-0.295996595366558,0.02055965143617804,-1.1555932833945586,-1.519480831474174,1.7814289557123195,0.02478049613741165,-0.6541437929737826
-0.37083374883156656,-0.29297819598255,-1.0922997487800175,-1.4259732365126283,1.0114001673241244,-0.02522778936233559,-0.509145678580963
-0.6980132036691192,-1.0763113551883925,-1.2423331248956182,-1.668035214877932,0.23221196972943406,-0.09659216216375126,-1.383951443556738
-0.5443551737038438,-1.4488109704662924,-1.0848575963312292,-1.2248965770197526,-0.013994638111511085,0.01395955391948893,-1.389982911743374
-0.15792640863465443,-1.7126361949944076,-0.8378765774500776,-1.1971419297586694,-0.33411493464703457,0.18909106735803705,-1.3835466470341453
0.3426824372930165,-1.7232798578467472,-0.45219226303850224,-1.5857605222101414,-0.2970868621751559,0.6805834403803996,-0.9032960526297863
-0.0182840752062321,-1.7970422994094697,-0.6972799103506979,-1.0902666243472734,-0.1177027875140831,0.563098037302785,-1.1135068868123421
-0.3268463191466156,-1.9091488783915167,-0.9555820587289752,-0.7597653468132799,-0.1711291571137192,0.09798184037371689,-1.6844116624514065
-0.44997662707093605,-1.7529567501465277,-1.0804968664175185,-0.525938546149421,0.3001213913289712,-0.05325040546773485,-1.4278516264319518
-0.42066922638203885,-1.2878166371515352,-1.098735441446814,-1.2029446680766402,0.4081507136233172,0.06599120028945822,-1.2937222986707544
-0.06478985206707409,-0.4057340526908665,-0.859487855428921,-1.1589295061341265,1.0484387921107572,0.17777722863334613,-0.16873204290636268
0.10154367616927196,0.510078305474127,-0.730256584517969,-0.9090927149154825,1.2092085835457274,0.20140312505862093,0.3263745838771597
-0.4551271404166058,0.0883254619232584,-1.1318734725913706,-1.0299866652596288,1.039427115310818,0.14680344646851282,-0.5988688278137058
-0.4147347949095905,-0.25985278141965773,-1.022263573189054,-1.975618887903718,0.8314198868794502,-0.027068902784677138,-0.5830210439541887
-0.549427341836219,-0.8958039802699888,-1.1945479577762224,-1.0479173407853435,0.16958398166428704,-0.2416776986266777,-1.0842198584027372
-0.28855630482043687,-1.4126800942270825,-0.962539372211829,-1.5421329232327772,-0.1449224834220943,-0.25077764505836236,-1.2119938807592237
0.07573076323945525,-1.586241422526714,-0.6902219006183239,-0.5480874484228864,-0.2132117883527767,0.06722137056265375,-1.0186023420904082
0.5576927494122861,-1.5978814612608765,-0.3789822913594758,-0.2719413414430212,-0.21789173994618743,0.26045751115317906,-0.5270376848795748
0.526005867709947,-1.5320267323831935,-0.3833874694998154,-1.0156703890994991,-0.3474636128108782,0.1177411915127027,-0.6677449561329085
-0.11188359664761538,-1.6977477258750402,-0.867381751557086,-0.2878635414918902,-0.007283365927950307,-0.2659352481383578,-1.2699607427945434
-0.21003034416768557,-1.337057614901367,-1.0071126347887256,-0.6546629813750507,0.5667414520615807,-0.3944631897625681,-0.9331700359971511
-0.24874715059632463,-0.9377803977994823,-1.0453123875304873,-1.6058688305289834,0.6755147125460853,-0.034982169811410224,-0.9556969624794527
0.2072317183989223,-0.14015291984642506,-0.7624386506299817,-0.9080991833363171,1.2432503509422166,0.08208696352729468,0.20463202970730923
0.4696619125331095,0.6362341927406454,-0.5187335903332864,-1.1489856254150645,1.2880343747583058,0.648733627869503,0.8187083544809199
0.07347430459811548,0.33222112706106305,-0.8120576736595541,-0.6917576819730307,1.1649943847263564,0.23362985842763412,0.19018079385073847
-0.07282906118798581,-0.016408343884071988,-0.8524069582810753,-0.6142557951025678,0.8077193879419058,-0.08513542487197161,0.13073642450795325
-0.3932962825953801,-0.8398292983024288,-1.1037147460055126,-1.5875441683425648,0.05923842628143247,-0.2998746933187055,-0.9155613872643547
-0.2561593067647343,-1.1690049385057468,-0.9304673025437871,-1.2251963494789844,-0.19572660280535475,-0.3557376780816234,-1.0380325751748738
0.243013171419718,-1.438665495554864,-0.5902666224460366,-0.7877919305195237,-0.3574777595124491,-0.006663401603204594,-0.7983727939736762
0.6459592044236383,-1.4261597531856753,-0.24568084480797558,-1.050972878637649,-0.242879621283722,0.42107342956676586,-0.45553037916351763
0.8385962205982513,-1.3323840403245388,-0.10343439862010644,-0.11223542255587271,-0.15973265717937052,0.6678157640601138,-0.11602753566475181
0.027536282974434605,-1.5851164161519513,-0.7672441700236158,-0.21237869502567946,-0.12019313379603354,-0.013344427363016755,-1.0529290872062969
-0.038207525068553995,-1.3129669611521335,-0.9009987985728537,0.02501111543932415,0.15628806507421378,0.30189602461507614,-0.6610253338578645
-0.052198698679907854,-0.8625968955528485,-0.9149475960728254,-0.5316663413525846,0.4208082151707719,0.5251843551624004,-0.5032356493511055
0.42445759820062323,-0.11239935967917912,-0.5913588227594464,-0.3622221000041315,0.878847265541421,0.883478695708607,0.5884398526038803
0.4117188412666256,0.33918963297225335,-0.3989518057327334,-1.0000158430320882,0.8670445014890427,0.5660512743559446,0.5797164875420011
0.16328127697452396,0.3155277475328206,-0.5802553122267543,-0.8700537757962039,0.7210057414506931,1.0459233015821803,0.1508750515069561
0.12963588143828036,0.1968079278105611,-0.4662562516856508,-0.6787454160105564,0.6093358705662083,0.720706872826339,0.4466598705656752
-0.24522767391791056,-0.5429766633965187,-0.7326638686337077,-1.388039173028801,-0.061226798950533484,0.18125856908661428,-0.6467967360887192
-0.12282845206947011,-1.0133314157402307,-0.5657046552961444,-1.2056683149919387,-0.33859966841749595,-0.012118399077273202,-0.7437859829020074
0.166770347555287,-1.3139367942338254,-0.34095917249098867,-0.6140009885122221,-0.31014535168326346,0.33121301179917456,-0.6417367795563065
0.5321353758510368,-1.259746605136579,-0.0262240446516763,-1.2003901784776216,-0.5244048266063938,0.2558454081255588,-0.4899380835839241
0.5647318775168018,-1.271372351593748,0.0011708092062281967,-0.5405952781739642,-0.17183616220223877,0.10935987990391162,-0.29245810003691924
0.10986929675023507,-1.352501441069619,-0.454423108780549,-0.5065796689786551,-0.16348928123180387,0.04647829740385674,-0.9195891126641554
0.038112828519961985,-1.035721288527255,-0.5539153601546667,-0.38750148324470784,-0.01112968465579317,-0.21229236864962422,-0.5572355054650133
0.06494562720410778,-0.5814024709700907,-0.5737335438863974,-1.150750000460825,0.3781293781481116,0.18410204347229983,-0.33413190203787113
0.7584618239791797,0.6167027753522935,-0.012390452263137407,-1.2154751568724944,1.2687711241748296,1.3676314669663157,1.3834399831504416
0.4085142016721198,0.5905070733773239,-0.28136097099503166,-0.9433502833100248,0.46139769387213453,0.18595765385072272,0.6524381828258375
-0.10286317926057205,-0.022386599175007946,-0.6400722218991068,-1.4605327185982553,0.5266901414126732,0.05362736774572641,-0.3666168229759614
0.07082914885022268,-0.09323341623108562,-0.42694585184839373,-1.0007824040349773,0.11988257917282234,0.019385557481394665,0.024740455066972835
-0.14607187500014457,-0.4965206379065355,-0.636294569491807,-0.8205527778497655,-0.10577339568465637,0.05464422566515223,-0.5752489507204036
-0.07113249413786338,-0.9272592401785144,-0.4686704062153076,-0.7428110730119158,-0.2786255875129865,-0.05852315549392226,-0.6318395045789054
0.28018544128648565,-1.129539878219372,-0.08858110833495311,-0.6529671257485434,-0.21842990799864265,0.4306331366056043,-0.5516088338009711
0.6529618102614364,-1.1454900593439596,0.1691362728619445,-0.4010040913012124,-0.3237209046143187,0.3473004910621071,-0.2580503956165128
0.7515309229425465,-1.0862751140066198,0.21392658186878147,0.2600412884038081,-0.10543572161252741,0.1200607044857311,0.05109270868777655
0.37651236638741425,-1.1646498775304848,-0.23709971178840777,-0.2909340679671564,-0.1137826025829623,-0.1869806833314517,-0.7434419058578035
0.2803207542459529,-0.9154354435972947,-0.43238120107729666,-0.4341867613062276,0.013256714740762038,-0.31158616283877305,-0.44743444871165766
0.08936533506955409,-0.6145299272868386,-0.6157301079945967,-1.2151325597762308,0.2499240300440673,-0.40647909536034565,-0.5361456066379175
0.5346875075798732,0.21343801296926165,-0.27322240713869456,-1.7580204834435131,0.4675285887442241,-0.22314437577343557,0.3727642653663192
0.6935551738584735,0.9315800133006846,-0.08548027548413119,-0.7734927842142068,0.7247518131883727,-0.09253301446095148,0.8992831023030604
-0.10141114247469458,0.13203328672280487,-0.6569560267107164,-1.7377879836772752,0.35436556532204333,-0.06510684454861668,-0.5405983683864414
-0.048081876155892087,0.0028208939335638773,-0.48559945521613473,-1.9913398121585308,0.08686438630747367,-0.16877043549945284,-0.21323942056546547
-0.342928698336026,-0.5960867647038384,-0.6638147106539275,-1.5046442359740924,-0.209835047631488,-0.21727725054790933,-0.9015959072348956
-0.00017695280929982566,-1.0026060827336434,-0.28574578925022365,-1.5629264257441478,-0.42788807970869075,0.0856904926103924,-0.8100106939982252
0.27243456585018916,-1.2805112418540727,-0.0870869888073293,-0.9015170366243466,-0.411278736285853,0.14079756466335003,-0.7777079314953022
0.6638644349921106,-1.0805622867169888,0.2696799209936406,-0.5682749823202402,-0.3889869713679723,0.10790604230831705,-0.2788974165300539
0.6624197958583439,-1.1002223345982811,0.2349193410596603,-0.44504494802594535,-0.4114475733219176,0.1675050997527915,-0.2348555548719324
0.21780203127692427,-1.2135008802937837,-0.2696267089861793,0.15392612029974867,-0.4570071922724268,-0.14198006066097485,-0.8109822056524485
0.11907401469851482,-0.8300840071468143,-0.418333271324469,-0.296355667015532,-0.14867910747452795,-0.4246085744370337,-0.4794336138226351
0.2500872490617631,-0.2996873991540037,-0.4702366930175848,-0.7897340278089704,-0.06220288806528094,-0.225844951592033,-0.24477306967546159
0.43118328720273114,0.33869757029291064,-0.2966991421388866,-1.2033879030699346,0.3981576715512541,-0.1433469165200809,0.4683772040027914
0.5004103409035617,0.8277956230364844,-0.10561174729768069,-0.8112683965410117,0.4700347634983055,0.025393510280283544,0.7880045382422395
0.006308516371525513,0.4036314681814504,-0.5002226145635399,-0.8608421963704073,0.19208679287724836,-0.13731618279020702,-0.09360180831309842
0.1698384509565124,0.20850105214498463,-0.38544855178250576,-0.9078229644274545,-0.02477910379012633,-0.14575341122959773,0.1916380613320734
-0.11378042454778034,-0.2728791710221765,-0.585522825063619,-0.6788845960809128,-0.24499536039190437,-0.37452159117570166,-0.437557413560388
-0.01690834491062646,-0.8144033375312443,-0.4597556391930296,-0.6679921496515695,-0.5963821655436081,-0.5434794723172873,-0.6451168305199588
0.18359074447885484,-1.1130813003845923,-0.19911283016406237,0.014594022481050423,-0.5586101548815705,-0.2526311844430592,-0.7410940860267631
0.7928803615347972,-0.9824662226961454,0.2552815303097057,0.042083156992527695,-0.6775769514184647,-0.146306366554418,-0.07647891540741361
0.5948232545817062,-1.095403795497663,0.09204894398826897,-0.03905025909833496,-0.6847261446643175,-0.31429295163854803,-0.32648124776086335
0.3071001383869082,-1.1404326350421667,-0.21519813089300896,-0.12207438291420201,-0.19555248961191324,-0.3179192616526309,-0.6975177403696252
0.15888019821193672,-0.9270407725159016,-0.4236999722712137,0.4077456027624624,-0.33102310642410504,-0.34680134015428626,-0.4149495277735675
0.15420773629043652,-0.3182775680146507,-0.4353171998511056,-0.032780732236700784,-0.0682440882619613,-0.31777843407926853,-0.28883517115971225
0.5713951815944204,0.586068300493958,-0.111614687673166,-0.168393510329091,0.47115330886223106,-0.37959138381674945,0.8657254705800987
0.5684440426454592,0.9009741229963353,-0.060252604325482934,-1.3726779757250656,0.1603454300971367,-0.29023421752455625,0.6037816408101566
0.22662842048145132,0.661288554310003,-0.3815083275076539,-0.6766983983603789,0.2955047536240846,-0.22940498980688637,0.13960146835274131
0.42337585176486636,0.6187669885009056,-0.19673017899578643,-0.3395100537536825,0.15954345417583074,-0.13947208725888788,0.6657559884191471
-0.04987542817265836,-0.33136521023285426,-0.5675150233278441,-1.097797336769525,-0.3029222922341325,-0.5101613252547152,-0.48297558339532426
-0.033055147747549384,-1.1124932752740075,-0.43303287100884186,-1.3043855270485474,-0.646215471969498,-0.5161837750096853,-0.8503284276484904
0.44949853409564966,-1.0835044540237646,0.0003340849550814654,-0.5105623602227249,-0.5958281690190217,-0.18832268726584664,-0.5470953525740587
1.080298251768508,-0.9214239076575118,0.5151296614621357,-0.24718870123795092,-0.6962387200609604,0.2093557409661467,0.11067875681346942
1.0312262468653588,-0.8735243621911997,0.5043123204262433,-0.6236365318446461,-0.5527958294521018,0.25932467758510125,0.12282265249125932
0.34273713331924954,-1.1075379386650246,-0.15784070372506592,0.26738357242311533,-0.6367975310515294,0.04403245381354748,-0.5206418998226044
0.30165202972917754,-0.689111112145896,-0.346074530795226,0.3973156624130762,-0.9322517918495162,-0.25020812178373486,-0.2946440012589216
0.3512804895190191,-0.1378865730660494,-0.3244390667251093,0.2651781036159166,-0.6287144579499452,-0.226602935295719,0.05008071738129377
0.7383504038541804,0.5845043170401132,-0.04428213167305927,-0.6857236906150831,-0.07716607038649052,0.06426813350949427,0.9814567963894435
1.0192317985822745,1.393047011108384,0.2015423396033514,0.1586903611696702,0.5545904616223192,0.6639202248616617,1.5611456565687778
0.3494729576872417,0.9293565433512895,-0.3653522140368798,0.030931621509134526,0.5076168324947704,0.16233382841917354,0.578421138669703
0.39316605401696764,0.40180205672630015,-0.24210701468024903,-0.8514571771646268,-0.05296961265550779,-0.17719523797648823,0.41897178842031274
-0.02030031402628846,-0.41543238350778827,-0.484547039067873,-0.3469872353796439,-0.5853602727830273,-0.19374247784657478,-0.37683793517143505
0.16400147044454125,-0.897608890678864,-0.3154628709409899,-0.5069222660749187,-0.6776455414643661,-0.31058173088170266,-0.4806884830426737
0.758892751776915,-0.8724830677245407,0.2628925664697269,0.015381995802454487,-0.7659209305391741,0.10502943202301662,-0.08414980951055057
0.9735434331550098,-0.8558774836121139,0.5016120941495785,0.029186517550040817,-0.9496736635084138,-0.0091196001621432,0.06153645897067571
0.9226006960063843,-0.7925136944389878,0.4506112940313485,0.5416625252283414,-0.7876745274045995,-0.40936398962054965,0.2110885342426671
0.3608539833374608,-0.9517480359297061,-0.126702563493709,0.47178984744530683,-0.7008342531363388,-0.5168775579078677,-0.5244267473088494
0.2654457068304862,-0.7363246283165275,-0.2626283545551437,0.6458934093029527,-0.5977170333599925,-0.5920422041963436,-0.2957976713483121
0.13094229515111974,-0.2587318585526072,-0.3277037701192851,-0.3616932157367734,-0.35336763291575585,-0.5852762676937688,-0.2934498515172728
0.5323734404508403,0.4988037406802236,-0.08121480972438459,0.11123209840970515,0.11422126230728727,-0.549390088411058,0.764020344278603
0.7074695749857218,1.137913532746087,0.061965342472074976,-0.6389120798743155,0.08275425971078039,-0.5974682077582494,0.982448547869796
0.2332039429706427,0.7254465857331893,-0.32157624065238016,0.1529325887205833,0.35290406972861166,-0.1697313765882789,0.3103648814086058
0.22847340656761475,0.5478997539062664,-0.1954034210754989,-0.8061230164014968,-0.25981081030655745,-0.7398324584653193,0.4443727702130246
-0.08077384830834052,-0.11048215280821273,-0.4273027782299974,-0.6740646831828487,-0.4893078277345018,-0.7154755012547952,-0.39562049381975106
0.12637433234683138,-0.5269060187944156,-0.15426919166382397,-0.4902848945876011,-0.8611713996663939,-0.5848475719925038,-0.3352450924750021
0.5179762697118553,-0.8503137043539852,0.15252401697117518,0.2796763844834366,-0.8979092834825371,-0.5394348215705691,-0.20237063393384333
1.1500604411381383,-0.5783132973856693,0.7691570718147261,-0.44038348628490254,-1.0836247469960258,-0.22363105929902638,0.2623762536552025
1.405050868969267,-0.4367891288435782,0.9837036765149315,0.2810339254773826,-1.0396163183143585,-0.05395454333454711,0.6812799350605893
0.5112986945730784,-0.8440148937076265,0.03127548278462361,0.8311570715713902,-0.9432103707215721,-0.5161444261288928,-0.2496508677727083
0.3771269540048638,-0.7037300697562452,-0.15859534607984901,0.09769308941172296,-0.8052124745257916,-0.6792351820449524,-0.22248902110671584
0.45262185776617053,0.0857916453877216,-0.19350655844256062,-0.19166013562911738,-0.262464717467195,-0.6372271453084272,0.2504954757170976
0.8514746009346785,0.9554419906180244,0.14268964783879787,-0.28281451678569963,0.3364108017680684,-0.2641251996219052,1.261616469676072
1.0230844026025705,1.48538532925476,0.3014505163403826,-0.11035542099012291,0.44939443583942956,-0.1536128324194575,1.6615554339979757
0.5429298900122884,0.9789874960876546,-0.06493977665009959,-0.015276161849467403,0.39347244380046614,-0.02650352149750118,0.8962673682097447
0.548413355952152,0.7336809790352198,-0.004421889258508186,-0.0003967417123520143,-0.09241944136343586,-0.39292858341166276,0.9196443673894898
0.10393224406247169,-0.03385921409296217,-0.33127126047481886,-0.10375186195963537,-0.537727123983352,-0.7234384721309506,-0.032052497052829816
0.40467050978389424,-0.4717909152003129,0.09678260332088046,0.11910540792822068,-0.9145291792201286,-0.641818538398788,0.024780934719230027
0.7673546755542415,-0.6948014801431089,0.3823584097798341,0.4946646273164813,-0.9434689024330463,-0.42382573880863655,0.040264401708412764
1.1831383144341379,-0.6879861057711328,0.731346991634727,0.4561245952186375,-1.1018960799926225,-0.18625790652110627,0.4646733158210643
1.2387995303953432,-0.6231359197906973,0.7533807442125159,0.8470450119106316,-1.0407559683077934,-0.3497690741635272,0.6076272077747902
0.6693864036724868,-0.8165328868032545,0.10913886121742482,0.29776979362987877,-0.88110472223675,-0.494742776965254,-0.20815922420692354
0.6785739380981473,-0.5913396869881875,-0.05430952871517441,1.6830268926635878,-0.5482425056357394,-0.7017096059586168,0.38853108992131724
0.8110588392375176,0.11088480028034647,-0.08676886909295921,0.32232115804089384,-0.04353584326540839,-0.5825901888312528,0.6208033345851921
1.084620927068572,0.833626872049775,0.124476501719554,-0.179956162327999,0.15643579748076997,-0.3934608287992237,1.3244611298086388
1.2697624906769962,1.358496452353868,0.3524330372475976,0.44244426491844685,0.4494155404689377,-0.1573323371512066,1.7788452264193046
0.46280498801757897,0.813879028752666,-0.24025008981927404,0.10138671435581958,0.0765494986354129,-0.5605175377004166,0.497279675715933
0.552331723352232,0.5743200488054176,-0.042974281355302596,-0.434283116739552,-0.3101242470537556,-0.6529811945814872,0.7363727417855
0.33017993923271655,-0.06726843244186562,-0.2381072328538505,0.3487910661909885,-0.5574388479438734,-0.6273630021918788,0.2173021608644703
0.426481292922019,-0.4599793691422306,-0.033819929594011804,0.3965833611198108,-0.8813315970039616,-0.5577755420073008,0.1063271941955938
0.7480416193648657,-0.69135091612614,0.3317332621104127,0.7707486385726479,-0.8837164201383715,-0.23647743338089713,0.14494478245096823
1.4305802829004923,-0.4171739995471219,0.9660581075780142,1.0439334219016836,-0.9628851615804549,0.027002672405321854,0.9602049789533097
1.2994270756394404,-0.48484793111067387,0.8038238259131052,0.7179137426331893,-0.951794678773973,-0.1801464040359217,0.7024103135399457
0.920654822255219,-0.6866691745338876,0.35917457504780126,1.0878543696427212,-0.8674394746302855,-0.15956693938147237,0.17156015381145923
0.938637699046236,-0.5652705737523018,0.13454495367410715,1.4476305690524711,-0.7839864933980676,-0.25685394065020645,0.5349459921432134
0.7895258466735204,0.1138433016179718,-0.05885737965836443,0.3970351610405094,-0.5555605359176568,-0.2780774843534163,0.6204794973671184
1.2402969433307798,0.9970243496532725,0.29353454272358986,0.9301355139139017,-0.129637455500887,-0.2413939724862269,1.6806820696904967
1.1464672209355378,1.1590109753421405,0.2782340052494694,0.06440335781412097,-0.08240529466186462,-0.33362567806999466,1.5496696751532657
0.5011064191926836,0.5411415486422643,-0.2059135345166468,-0.15231928281875504,-0.12639261871402382,-0.35594891944166696,0.3960198255892882
0.6746093790593003,0.6118127748667087,0.16117981686720728,0.1932948091241823,-0.31493082642421405,-0.08424282657610101,1.0029717315652622
0.3397503458420091,-0.23936990673431865,-0.19698079549698547,0.24325188945502338,-0.6929938832740973,-0.27296212985039825,0.2735486376787703
0.7172016814553166,-0.5767003118392761,0.33939051995756647,-0.09368593102502974,-0.7166891060542638,0.03740734488433497,0.3125103029783487
1.0744171765900201,-0.5864905215797267,0.7480278539148868,0.6091477294967869,-0.902288494105458,0.4295147999936083,0.589350644779715
1.5672550510973153,-0.30916522055445667,1.2093155157223203,0.7102545562998415,-1.0424074055667985,0.5778621515748562,1.2293339469992794
1.5594555958038532,-0.28249991519256196,1.1454869964987948,0.8987471962005684,-1.0240041686357764,0.5155210984372661,1.2190723551515463
1.006406599792121,-0.5707628916254635,0.6086850233913226,0.7362405460514602,-1.082163251402593,0.2230657194317253,0.45016136048610483
0.7563317079160075,-0.6559387372443111,0.12721257424119498,0.8854544288655294,-0.7440196012671921,-0.23222982524903876,0.40203105394979505
0.5181530561225238,-0.228070840894141,-0.1144966727050333,0.11446964096939899,-0.6425168856482116,-0.20204509169378082,0.28047065821511064
0.9878391337367003,0.6187424874546309,0.31629745288908695,0.23875102010285587,-0.20978756221509512,-0.05301638317670645,1.4058454706759658
1.1844540480236518,1.3845390227896235,0.5652453511824159,0.025178131523751805,0.2607243241948135,0.2419697501619066,1.87496416070902
0.4696598738100868,0.5468339583933333,-0.007197215303571834,-0.23247201472156095,0.26621680402428516,0.0668920825602323,0.5469886886903551
0.6839929221412704,0.68123036422345,0.31851130413166484,0.4396799345979666,-0.09617078925849233,0.028814791915500293,1.25540284305427
0.4503950479825008,-0.038918680148611176,0.07517429972855105,0.39442499941334824,-0.7291566659361455,-0.09443418670134442,0.4414379954242256
0.658221016668821,-0.5925708645634723,0.3457900870942688,-0.17436968842704198,-1.0166333767800888,-0.10327318792356341,0.3075717854027133
1.0146290609881443,-0.703770904833369,0.7483187433301915,1.4646811982871577,-1.0929424409238309,0.09427061961687139,0.5276596547365388
1.6878318875605274,-0.38511233874330675,1.4132194582640771,1.1002049949630373,-1.182710982536334,0.6103767530717725,1.2703600745640817
1.5120464898963413,-0.30761552937760533,1.23856955665066,1.8084431246784185,-1.1117624942876372,0.3032877323988933,1.2679717750807842
0.945065850985512,-0.7029991218757278,0.4214409408888044,1.936593709767806,-1.0820524520976755,-0.22563163923826338,0.3515124479301866
0.7495934953296185,-0.5014616822385248,0.12008091702303847,1.4453587220578694,-0.7492641016999431,-0.40612495543321364,0.5755470833592927
0.5958896232209495,-0.2896644294739478,-0.059208496909500315,0.35227485041362355,-0.4789718354329329,-0.607201878270065,0.3585356675971751
0.9871349588047168,0.7162566516264595,0.27703074720863874,0.7620552372549528,-0.04228539396705583,-0.6609897273196128,1.618687482255376
1.5225732323508898,1.342370680397648,0.7353335353465031,0.18622446155003541,0.45871740592461163,-0.2689982478589908,2.019537238753113
0.9975287765181976,0.9507847500720459,0.2629972983892116,0.39919566397882406,0.3114229204305326,-0.5182734076791368,1.328772212774255
0.9014088691779001,0.4297393747406034,0.366479961573998,0.3147369148223515,-0.17717563346777615,-0.6382274352780457,1.1497509506574914
0.42567687106655666,-0.09728425588177447,0.1430229327351103,-0.4032909269187748,-0.5539460317602908,-0.5909362935467033,0.3330537264999442
0.837099856148942,-0.2834758735358228,0.664950012853505,0.9714120403181544,-0.7968866981848649,-0.1824638460152241,0.8075157306312242
1.262429029217256,-0.5289763572045961,0.8897742400978566,1.270364407749941,-0.9600096558099827,0.11444209850731482,0.8748333923384426
1.4862440035785551,-0.41616128963445,1.1337892370549474,0.7059099968728412,-1.0280140482423064,-0.010364267391420516,1.1601744611142613
1.682633609846901,-0.12601989965384977,1.3033355243033644,1.3499304421253941,-0.6966291557068595,0.28828545384834164,1.617817169731801
1.0569394953639892,-0.636684998380401,0.5182271009987661,1.3046241173763373,-0.7339685214639821,0.11660421595717341,0.6552110390055997
1.0138159599975285,-0.5409206172633312,0.1971226107083308,0.6137021296452468,-0.49828257143280114,-0.23197509302075087,0.7880652577206281
0.9771025193092898,0.11004155593773832,0.13035073354812138,-0.509183406910262,-0.0712937072258748,-0.30771133357757996,0.9373339754268042
1.4227923027051856,1.4980176603630333,0.6098905855343824,-0.2103787844762401,0.7310937543555426,0.7158172566394462,2.5364219184521404
1.5140307498895584,1.6375164090797796,0.7981617390606456,0.05832225935543921,0.7584822872996184,0.8985327491023065,2.5029654858598267
0.7495471289431631,0.8871024472973531,0.10619149553928761,-0.1789797606036503,0.453166888363993,0.09355612678142931,1.0701072348373146
0.9083905052931807,0.7588170107588241,0.3542852980470911,0.10219824122759465,0.10985260399912015,0.11949946518600711,1.564768585445985
0.4349643611695505,-0.1384582641457837,0.03830668114561019,0.538476372233084,-0.4256931982398533,0.08413517632222763,0.5310599455263202
0.7980478254061689,-0.7199252613435765,0.3512840582695717,0.4228776882580675,-0.8798595490957748,-0.03140556364674951,0.5635246266382813
1.1137435612023965,-0.8791902291421378,0.7311447333518183,0.4937952871847116,-0.9148193678758644,0.192431580237943,0.5226199380302552
1.6456712702022247,-0.5653869537221049,1.1489513887527882,0.5903006067385663,-0.8790048116006985,0.029231061654409897,1.236883402145639
1.7591894068199052,-0.42020396226971374,1.329357398553849,1.1373917685306412,-0.9083507989316462,0.4145767222485603,1.426368654371432
0.9203830896009295,-0.7776129747964836,0.4411753949419717,0.7693546966372241,-0.9337502205445879,-0.34955161982230576,0.26302392809135217
0.7343444296133607,-0.4612534235484953,0.270877760903171,1.4200236667891506,-0.6229845510385087,-0.4809333908008312,0.6143063503975748
0.5888509028610384,-0.35533335875071637,0.05024711142903117,0.6644321946745332,-0.3669062527451719,-0.5157550793084202,0.3974770930706231
1.0240505825675628,0.5006678619509288,0.42117106767867635,-0.35049457315264604,0.08891681152713188,-0.4817576463037468,1.2728293333518994
1.1125260358133395,1.250889898870873,0.6228867554589773,0.4717834237497525,0.23510858012941419,-0.4406194269321072,1.8025258229909953
0.5046987074076167,0.7502293940396726,0.09062847194642644,0.11161966137485287,0.0713524836190548,-0.4878401548767685,0.6600078777983263
0.7275512880038209,0.7829056227542021,0.3800139229230185,0.2780704605946993,-0.23235896347395749,-0.26592696416345407,1.328428135730051
0.4534139307850392,0.012253796749180193,0.20265732958244045,0.3345625805367768,-0.7856168260275644,-0.28995877535900905,0.566358202296431
0.742907474052606,-0.5380642036185159,0.4515885824827003,0.6668046795661615,-0.9257357374889048,-0.2809748045759759,0.5850800414663606
1.1480349989398664,-0.5790626210508933,0.9172766326906887,0.8842039494641624,-1.0844372752320859,-0.2542693404802605,0.7017828789299264
1.6934796163267785,-0.2583806768893418,1.4830938160573086,1.2283041904879826,-1.0814140370550571,-0.06430951196413819,1.4246077894981515
1.6372715566017,-0.3047754497636388,1.3859544580220768,1.2481512685209228,-1.0453515013831718,-0.0645953090983152,1.3817195979294217
1.1883187678836244,-0.6795230360372084,0.7812129585661883,1.060650018967511,-0.9782176749180554,-0.25674831997018466,0.595301153661832
1.023146438031684,-0.46778703588831727,0.44299907090957363,0.568524278807288,-0.6178244691237901,-0.2904972337277479,0.7903928377255381
0.9384753584444133,0.07890480963077896,0.2926054169909454,0.5254812361254245,-0.31925199931598824,-0.4731568093600084,1.007343534009267
1.3830615519435974,1.0288634592867627,0.6912031351822115,-0.6197501960339007,0.2854906069225134,-0.28957564151971427,1.9772360021421418
1.6380734737403067,1.685593587131581,0.9307626687133527,0.19199294015837884,1.01250288421592,0.1976836203268717,2.481693428597565
0.9394136952778406,1.2767732125058453,0.3339286386423946,0.48857496393038924,0.7143947162572959,0.13610883486787165,1.500770255224029
0.8899248006411984,0.6593897232237429,0.40470630225905374,-0.06410053053078482,0.16254031156597448,-0.057595350304711176,1.452903066427404
0.4897552753970523,-0.2683954795539736,0.14550788604233883,0.5425811136926993,-0.37172866058776194,-0.1819274586402113,0.5283275689988175
0.7563616480198248,-0.7356161397284281,0.44977766984501866,-0.0011354667011717308,-0.6885144256610134,-0.29620282144265253,0.45562611354111027
1.1418802106332966,-1.0343818979975918,0.7451050932557012,0.3933051351549351,-0.7771802503817203,0.06677610691158126,0.5136334552286909
1.716967103527864,-0.5604602016671086,1.3833044053169732,0.8387605858765994,-0.8250402739486075,0.16215779395247018,1.318692779361689
1.803825674669084,-0.4561347466310171,1.4869229407119715,1.033385713800454,-0.8726575942761517,0.20392145342933726,1.5194111350894373
1.20024267635013,-0.9114989421625523,0.667489482615889,1.1111766669708902,-0.5934538981993658,-0.19265313514674176,0.5606303315017406
1.0188157825872173,-0.6570249502958062,0.4385510643962926,0.8058626997078493,-0.43623496067912565,-0.25401875023942433,0.8253672572775752
1.0509865988858778,-0.24774926456013915,0.3146291711614872,0.3563624620184222,-0.3590764351976841,-0.4391490213867054,0.8699960738934553
1.567106865058192,0.7935799119143847,0.7868125833018673,0.7000708576133925,0.2976943589355449,-0.10892700079532018,2.137535425088979
1.6836112649100496,1.6351398075911712,0.9943939847146168,0.15960894963402814,0.7140042806113978,0.4563010328446347,2.601917995807691
1.125910077708584,1.29878740258333,0.5438272547201255,0.9409508759965856,0.47165454381304805,-0.09707470370189009,1.815742429453658
0.883730927101825,0.46130897286507777,0.46747330063944986,0.6903732185572697,-0.13497165060904753,-0.13069521584844648,1.4533888222545157
0.5091472592920137,-0.265044961475959,0.21259515988701244,0.9638021023173909,-0.45592558001013916,-0.1624414786730468,0.668933641121503
0.9780091103127957,-0.6164879692349298,0.7267639507665907,1.1049028576455557,-0.8736653403351612,-0.042462599149426745,0.9239352105289756
1.285633483413584,-0.7989370520705742,0.9739985186426868,1.4300275020000575,-0.8889345397842374,0.0527223434875006,0.8977448755172076
1.733451460648089,-0.5922115158847823,1.424298545313145,1.560389979592202,-0.9487767167543211,0.14882059435755723,1.444544018235858
1.655143701607978,-0.6064445820163106,1.3001191651632231,1.8787226365132677,-0.8621738695680263,0.05566522557203002,1.3835209424549606
1.2607325786655907,-0.8020691024859756,0.8418564265113693,1.7567323754610773,-0.8789414977121743,-0.1884345209270463,0.7497715066833285
1.0555525229671452,-0.6487864734860634,0.5182770371779765,1.67878082990177,-0.600676957648497,-0.33729962093977334,0.9313025072401682
1.092885502457316,-0.18822397263665766,0.3737614133655288,1.2919994143790108,-0.2441247944246971,-0.4101323282928654,1.1075509131771695
1.6714692130801332,0.9243971232345939,0.9301910279325497,0.7518437025544326,0.7290202245063762,-0.10606281647237521,2.3580078511192677
1.6600407143081035,1.4024288700775962,0.946577942625356,0.7101689070257755,0.3282169293615669,0.12730296954526701,2.4533171923637935
0.9795329101490666,0.7513707344452846,0.32347696561231876,0.8825380710835822,0.22002404618853438,-0.3043791046725776,1.2663525889904113
1.179336387243259,0.6754195327487236,0.5882107709874282,1.3486863864195893,-0.1413241440909715,-0.27943812723134454,1.8351321828858629
0.5798950256199659,-0.3064803142335604,0.19866561909597072,0.2039452963542886,-0.6568047198251636,-0.3952149604850764,0.5960297874024995
0.9007364983250683,-0.7194536162027966,0.5547500957095787,1.0448027620334495,-0.8412328009386609,-0.4347315917693219,0.7997233975713075
1.4911873826651352,-0.6959550710718583,1.2335459574721475,1.8790224089724974,-0.7975198370701064,0.0656308473811485,1.1196745690288301
1.8945258989755076,-0.3846141508023955,1.7725970974254492,0.9544898849945658,-0.8997242816202295,0.2645187298497042,1.652265353804467
1.9598059266554846,-0.3672735353017391,1.8098374638919636,1.934994209574623,-0.790222911417697,0.4368875376578773,1.8073024219575928
1.4437205517714704,-0.9238699287772325,1.045673162274836,0.3791879935570085,-0.916259758839789,0.23106182620749552,0.834556138340437
1.1978880095083333,-0.9121665956735278,0.5734037442821756,0.19360742897452257,-0.7046383626051654,-0.057228784415223374,0.850747999244158
1.0551278278369354,-0.43200121605080305,0.42981365738859834,0.7879984023695374,-0.5132774106982727,-0.39799423406525875,0.9369696585564711
1.6840845398974233,0.9215999204516082,1.0161146028174015,0.7294100164446982,0.10384306074670233,0.2520037147639804,2.452973115319588
1.381501346339067,0.5926897082495952,0.7446029386124118,0.8015074341215963,-0.08095435138318612,-0.5084009805876847,1.8148721169300828
1.0092875484198776,0.5500374701937016,0.44682483017855645,0.45851635119692874,0.26905537669311713,-0.5667491578217044,1.1091903390936704
1.1051513921485443,0.5132675249975028,0.6059666575462022,0.7384224613082917,-0.20666407704790307,-0.7395735842495795,1.621480578261271
0.49598176850478526,-0.39605613941250667,0.3145085898115204,0.40158527872526517,-0.8204447408732288,-0.6567462611752064,0.45512011788786944
0.9661265587990333,-0.7119317949965768,0.7719425917666202,1.0950232138820446,-1.007125741186711,-0.6927774100187316,0.737830009266835
1.3626484008112634,-0.6617414017036148,1.2417592021692054,1.7177812268477186,-1.1480624570414881,-0.5125243290959878,0.9978915352067204
1.9362687528618783,-0.23735469567825543,1.8863631503920832,0.8889874614207488,-1.2192061631131346,-0.3841910608820138,1.6793057615136808
1.997594065622745,-0.2517490603644234,1.849242569312947,2.034921217627416,-1.1924349405821695,-0.23699725280610254,1.8681028596510647
1.1900079955308662,-0.8430675199183526,0.792047643207947,1.6728903010778788,-1.0916867154681018,-0.6418247513799655,0.7065594778965238
1.182159028392571,-0.4711395957201871,0.6455873152217408,1.421057881773496,-0.9551714194952616,-0.6140258025969655,1.103037431950257
1.0859921139242976,-0.2237933665654144,0.47231512709850487,1.4702205650873748,-0.7464624621327494,-0.6323043932219196,0.9871239477057464
1.5159725461946774,0.5059478374230472,0.8510874699662359,0.6984478038698424,-0.34541118759121997,-0.6737118417779284,1.9526041337423568
1.6212721243146915,1.224524731325839,1.091940847666434,0.8515801409724267,-0.22558965355924976,-0.5126920795877872,2.251202288633099
1.1687987521828467,1.4107898521187106,0.6688141179692749,1.0422182951885095,0.11564054864170385,-0.11924883352529653,1.80981216039767
1.0551945814536163,0.517271404309499,0.6302846132879515,0.5650897429172431,-0.3154953752635549,-0.5928395367808221,1.5362304306031775
0.6777773216393993,-0.13312316131954896,0.3881139873257537,0.8141942328426216,-0.9991270866031586,-0.6118119103039589,0.7627857148846947
0.996419478197022,-0.6423651576083331,0.766177979347114,1.151971416208521,-1.373291063151429,-0.6489427568159465,0.8613131884838356
1.4941464435092695,-0.6517817263930998,1.2207441001688362,0.9345293216734863,-1.3121509514665997,-0.5155438379483767,1.0160871388972765
1.8859934936308302,-0.4372811915229209,1.6462566928131361,0.8982568541065401,-1.3435810209614674,-0.5591113329605181,1.5054254152338489
2.0318731545236206,0.044286872999008894,2.0452186546561135,1.1005839930007786,-1.2386804599916903,-0.3829153287468482,1.9680673609054102
1.380044008873331,-0.5805265585657837,1.1179537010075877,1.1673968504678074,-1.1664023800839862,-0.6085376692232821,0.9066706388403832
1.1600677752157746,-0.5050919205948379,0.7998689531337818,0.9002824594382005,-0.9802701001377135,-0.6512001399771974,0.9369291789042116
1.0721609509455974,-0.08313490165834954,0.5413504565383613,0.41266187109384894,-0.42838403850212997,-0.8191287372370019,1.0223614849974683
1.5998272628344974,1.0696311585333897,0.9908289660323825,0.11017861233869305,0.35291462204336543,-0.708465187492562,2.2010884791360827
1.7756908892135193,1.7530633433095137,1.2241451226294133,0.43776567332259125,0.37688948116451343,-0.6829981776449456,2.4932301294914647
1.3127876430953107,1.281691797545417,0.6949999186201368,0.195699412493588,0.3732383802596208,-0.7373389820193137,1.6080615735373085
1.1212833996812466,0.8222440943014926,0.6883564657535942,-0.18958099950116447,-0.2857695046014626,-0.82788696970391,1.4940911126012444
0.7314508409028649,-0.10433034843950022,0.4263197307333103,-0.16259077201112004,-0.7732653416079764,-0.7830685944813138,0.6138610742227226
0.9845727499592265,-0.607602256452773,0.6969438128670519,0.13325038554022248,-1.1688821740511826,-0.7909404416335291,0.5825703030262823
1.4638875416611419,-0.5514274826073061,1.3653321007197758,0.23733352461706317,-1.1955584257493612,-0.5882729956151724,0.7309687082088833
1.9699546898616553,-0.33656964081229285,1.7813455641238414,0.1345501132741699,-1.2598958888046605,-0.7024800156246583,1.270643432129897
1.8340098427561287,-0.39047194261581614,1.5870522554059299,-0.2540684791773011,-1.331060699505815,-0.7443203018693839,1.0761791826762102
1.2234944871698106,-0.8472224890157072,0.8758444758787198,-1.576576778798415,-1.2534695291194584,-0.6934919028541733,0.09837294252664153
0.9333034676316212,-0.4898971883970417,0.6034187813017473,0.5026664107460967,-1.0146600939210857,-0.8122944579414717,0.6017374183710619
0.9462208749516217,-0.013370214146055114,0.48470721727576876,-0.6788910197764672,-0.6316849345532035,-0.7898138210466294,0.6084368008199755
1.4129804530407957,1.0707561649081525,0.9574253905970365,-1.6331352769278926,0.1262825580711395,-0.6953164483267072,1.705455616873193
1.4879370174256952,1.7451147955473503,1.1123501802445042,-1.1526192958673183,0.33300768025989497,-0.5093080758396368,2.0455251755035846
0.5368383021194166,0.9326417253059055,0.356810789589288,-1.072344513748965,0.08988234832712526,-0.7734943904863939,0.49244235727094576
0.40248307647917436,0.6034007489791894,0.49248143973060204,-1.391499403701067,-0.26454879963111516,-0.7976546032929559,0.5813761532846323
0.06494195750266753,-0.2730649706230895,0.19831448788057823,-1.3425422786449466,-0.7135920016739569,-0.8554912450766738,-0.2750518495654202
0.2539523766663401,-0.7554313609027904,0.5022970269387514,-1.2462703533629216,-1.2158346985492232,-0.8154133744927046,-0.403453306531926
0.7527330122858615,-0.7076175690984386,1.00993081136335,-0.642532902935455,-1.306758718627292,-0.799247197468187,-0.0740096566195959
1.0618520023590845,-0.44088284532524746,1.3574171464936664,-0.87163186367087,-1.2394349504966033,-0.7961407068793096,0.30872545549210373
1.2131303183140016,-0.28104414469309563,1.4786155908941925,-0.5081277796073977,-1.1993203259591716,-0.7657902938259782,0.5383260431068668
0.45739683833109007,-0.6126943905701209,0.7270480954462806,-0.20746670915799517,-0.9981404451736574,-0.8470457326623795,-0.2969513414377025
0.5318506536186333,-0.4265333992239156,0.4427320603719117,-0.5147827282023256,-0.9646368458296233,-0.8881446031532263,0.0006753017988162199
0.4425546434809007,-0.2038025545594176,0.297424607391136,-0.3321977469802986,-0.8694866236925668,-0.940743701804097,-0.09914752067262281
1.335185287217779,1.2576011437961834,1.0497157305814075,-0.9177047494228217,0.09691546611068373,-0.904331490115003,1.5752730552072738
1.4905666788786174,1.9086409036437881,1.195640417638602,-1.237191530311926,0.3763038276956662,-0.6745940851051696,1.8614641966805399
0.8793749332426515,1.2372346490806467,0.6199997153664634,-1.0134499316693377,0.414930575852779,-0.8845949199070026,0.7933680921665967
0.6721858033793416,0.5470708018406517,0.5143309758441457,-0.2576529012969627,-0.6315424783040242,-0.8926428015259207,0.7448734687599526
0.10985339471065926,-0.3739888637347613,0.17405818432876607,-0.4852851182139988,-1.1047715857630946,-0.91033530092644,-0.2386606421843077
0.6212958400323852,-0.5261791544216105,0.7345312609147389,-0.7579581471304874,-1.1414092225890744,-0.8306745272589959,0.06825608124572086
1.2860920213459666,-0.4603509683440575,1.4023436768171125,0.021212570134496723,-1.0535664784191814,-0.7057376887555277,0.5089580553927416
1.7287129441006586,-0.1003632206969152,1.8766530631374947,-0.33152968264258403,-1.2928454916241081,-0.6649743192482795,1.0568501487223938
1.7176965003760971,0.008049825559276694,1.8649051440863418,0.6745131142320996,-1.3792214640431917,-0.7631787707375953,1.1824989893352666
0.8435347649988075,-0.48490101671093505,0.9874055030125242,0.6342365431025685,-1.40279005904631,-0.8529459937875203,0.19319652794405648
0.33123640550299266,-0.42886099861997656,0.4550254930810202,-0.5213456038276294,-0.9733952670754654,-0.9252464557530512,-0.10214301493981165
0.4539283297282393,0.2007260534605977,0.4283389342124626,-0.6011964220393554,-0.6143052721533221,-0.9329360554573854,0.23869565708351173
1.3791919391483705,1.7131756399749065,1.2118656821047478,-0.2634470746875273,0.2749435683258644,-0.7774976213585939,1.9296724107374637
1.479459715851856,2.0696372787124013,1.2223781415408916,-0.3088411899425021,0.09718982629428853,-0.788105251222747,1.9643027532452921
0.5051645847428797,1.178948701747875,0.5277222364618046,-0.9962044503361501,0.11039604820895256,-0.8723864118927147,0.4503030392690125
0.4579943006751506,0.7258631035198523,0.6056893413876627,-0.08474414681254142,-0.5827116417797669,-0.864653321320136,0.6545431247433209
0.09278479782140535,-0.10200683255115153,0.3779432611607595,-0.8038897115802267,-1.1124378424318948,-0.8949478175428678,-0.27766278713614445
0.47729599826482916,-0.4238423676414519,0.6743696994417461,-0.7134804791080185,-1.4907488786784973,-0.9051412486618371,-0.13580184579342147
1.0920291805386229,-0.4443864949424772,1.290176307726516,-0.21948116107760177,-1.2806945011848467,-0.8695263695572216,0.26142498182710955
1.67255981339873,0.03171171099870995,2.0018749448139674,-0.4072864655539493,-1.3843815459579107,-0.8200896783258279,0.8901144610663291
1.564466310999407,0.03430065488836361,1.8317701990423456,0.48952352964066664,-1.1270897314678607,-0.8728461724998685,0.9726119923707858
0.6661794923580414,-0.4478574764980062,0.8741015691674243,0.03465094123545035,-1.0041077791670594,-0.8997877298803386,-0.07913033263039847
0.2537653383913302,-0.26650889899085034,0.465887072879703,-0.0062444458992089915,-0.7898166472996669,-0.9482531250542766,-0.1483100583415457
0.10500140866471801,0.320327910848733,0.40170247909418627,0.2781582511006173,-0.46624046768219995,-0.9683355512145055,0.005532860069931493
0.49281044746939145,1.361634628030839,0.8435079092390831,-1.0167752647349495,0.07685023960590244,-0.9304405080176541,0.8666362627559334
0.3138063721464589,1.799186562920937,0.8964016619985903,-0.29168135788338057,0.004413874976887935,-0.9098051265326049,0.9113257988502033
-0.14201673840986737,1.2774653670630949,0.4755352007307239,-0.27792180200468025,-0.29677556888991197,-0.9519187839491519,0.1600234529175583
-0.45605673986565154,0.5161096463653246,0.4713619688814032,-0.7749059972362953,-0.7692396335293155,-1.0094903385359524,-0.30016947379231684
-0.815819939787772,0.15943566522678493,0.2777845237795536,-0.9141545870127836,-1.120404840071185,-1.007168754569198,-0.8400465959746269
-0.16831638189900575,-0.002344743322607028,0.85436048209269,-0.29590172586298324,-1.2658051850669154,-0.9819191990628032,-0.35455388660268927
0.33422255223871267,-0.013531512700694345,1.1938108766835085,-0.08595180157687059,-1.2882130254470905,-0.9378712335062487,-0.0952412342296005
1.2047891451888375,0.3977124237523441,1.9452766425269605,-0.2836560209033981,-1.3652238185219758,-0.9144959273218097,0.7139672542599758
0.9910755774103586,0.27325119218646665,1.6807921689415048,0.11931953111338643,-1.1625877183004059,-0.9532400779462877,0.6391608568847863
0.20813114474723515,-0.1383806774992483,0.8273710105844704,-0.37622575631392097,-1.3160236509813272,-0.978452355565616,-0.42114291456924036
0.05064392695180715,0.05329100750482484,0.5071133267379643,0.4941721439906047,-1.259215264503026,-0.9842180020985724,-0.18751460155467875
0.25713587179064,0.5979431409215823,0.42785585474277504,0.08246678971464169,-0.8318095838633153,-0.9784689235154234,0.1311412210305459
0.455306855986847,1.2841071923572944,0.8280721838032922,-0.23799211043511498,-0.6335526942646659,-0.9764103557518606,0.6476008643808503
0.5640179167143107,2.0495157944596087,1.0282119354804677,0.06519561359923505,0.1645769083135014,-0.8844934412144326,1.255139725314584
0.09210590305490181,1.4132440402538562,0.4802643356444141,-0.2872768439645374,0.19414449425428346,-0.9339342744332781,0.20078646274267561
0.2918282389727984,1.3192274004376885,0.6990947551366592,-0.969636045520881,-0.27549682618841786,-0.9604885559870014,0.6399502101038425
-0.28802390686540963,0.18881037795584915,0.3351029348164243,-0.6905393210494429,-0.7897427810963887,-0.9595690347726937,-0.46028673830398587
-0.05935234476906064,-0.2501442418334548,0.6538059640858441,-0.2549785027142526,-1.3311978795976174,-0.918466022294395,-0.36609058749659024
0.5396766123113883,-0.2696470746678207,1.1379049222055762,-0.05935556074753012,-1.5846486515172016,-0.9131580653748667,-0.15976579993092763
1.0132400498682774,0.10483712535829971,1.6688674624102615,0.4291022492508176,-1.6114726356219369,-0.8684473818260181,0.5490126713033207
0.9466370074451353,0.10697892515344723,1.5353709072748898,0.020790747459721468,-1.4661356045147307,-0.9127045177488904,0.4851560198642711
0.40758891266603603,-0.2205306439032164,0.9161281703901316,1.071165608590963,-1.3528459533155028,-0.9294774959351021,-0.1496661266922313
0.0535836490518423,-0.016786068347467775,0.5528419220293361,0.9140719925628261,-1.4201961022330765,-0.947002244843822,-0.14916013103899048
0.031158511293184095,0.9023033047567182,0.5474542188416709,0.8447945772345489,-0.9088045484660694,-0.9629571805082959,0.2818469663919277
0.6941164051819622,2.1353531683278635,1.0848212136726358,0.31214816551370533,-0.586995881569901,-0.9019954091921674,1.3584437978803234
1.0577185788047432,2.7137881610492096,1.4231769642052563,0.2842928803555973,-0.16612735992031047,-0.41606158333016924,2.03765188313915
0.6219087384221879,1.7686827603093975,0.6844068993915248,-0.65048329680063,0.04449156641268042,-0.8307697929703881,0.834050142687195
0.3949996815034337,1.3943271907762176,0.7887750919019377,-1.3677103178292378,-0.378149744115587,-0.8222497247819605,0.7566328077412802
-0.4482120831703185,0.17700904066704756,0.31129938037041577,-0.48683751130644565,-1.207429779847641,-0.9711955935499985,-0.4504097031527162
-0.10016536620946813,-0.13222683137667962,0.6896056661964393,-0.8042986868638914,-1.1717101944052615,-0.9412966571289174,-0.3272503611537892
0.4999407356176282,-0.26467744578184393,1.1521139994718501,-0.48927851561732516,-1.326660384253386,-0.9346674062122531,-0.12100653289264557
0.9260462544129234,0.012319132872578714,1.542209273225721,-0.12133351669353216,-1.4618830216688579,-0.9420194339392628,0.4981095085872486
0.900115619790864,0.11858017056434189,1.5221162589730064,0.1428216919170936,-1.4368634833870613,-0.9359555643097743,0.5105772414831133
0.1974214414637213,-0.13412770421679637,0.9013506920504302,0.6654685508907286,-1.1446804401628226,-0.9428312634798227,-0.20459701480810408
-0.2568997127172898,0.0772326132225561,0.5471521300931097,0.68192391767066,-0.9885536672196243,-1.002254286457594,-0.13669239814312578
-0.04366081790768439,0.9852230123644714,0.5886728342519383,0.004076291625744235,-0.5162689919310391,-0.966477869842357,0.2994960947769825
0.146491868640899,1.6419408896861518,0.8744040768436638,-0.10530425505208223,-0.3786509790664034,-0.9294236500982282,0.9030072303109167
0.3489358997938771,2.5317719300310766,1.188597908230311,-0.01822035564548584,0.916302706760837,-0.8410377798634906,1.5029966360982907
0.08232387699587025,2.144226630586883,0.8275209029076376,-0.18301812387585878,0.9268444692001103,-0.4412055181565422,0.8078800475015562
-0.42780149500407016,1.4626013979734913,0.6839391107820825,-0.4270971426454158,0.2825623395782713,-0.968803595796563,0.47572426088785474
-1.030829378168603,0.2714279059928853,0.263107685832348,-0.14250815847449702,-0.2879591099129229,-0.9734778286359606,-0.7337065494894414
-0.5231424354020715,-0.03437169431086729,0.6542732220535611,0.10474416589920493,-0.42776145193164217,-0.9528320921822818,-0.4586270725613546
0.1712868180409496,0.050885821462228024,1.21708810435921,0.814487581606297,-0.728349413857463,-0.9529853457179998,-0.022721937207060446
0.6142179761904418,0.3935084525624401,1.7483093742977918,0.9261913648431636,-0.6925084767954122,-0.9091651894712962,0.6366308786185799
0.44678010081740316,0.36291072927351625,1.6325059084622704,0.6610490483489267,-0.5901351952092244,-0.9286677373882681,0.45750841737116815
-0.08940108339818013,0.053807571230441796,1.0452880979175307,0.19765221594228924,-0.6027452113402862,-0.9383289231196766,-0.2762864789593285
-0.728100386789521,0.22934327550901326,0.5149283108558625,-0.412624556560115,0.25906761077843155,-0.97440149183772,-0.4539719125515345
-1.005634606059219,0.7639356876763027,0.3553025940916851,-0.806851035231058,0.5448770558912378,-0.9653408942868278,-0.5279889567076678
-0.9305166330601635,1.4561474140340618,0.6870476519021789,-0.29530003971266977,0.7200771377523392,-0.9769488141205994,0.12021171492053395
-0.24709735767726118,2.484225607981886,1.0805268000103423,-0.09150401576819812,0.6770975597591902,-0.9063589929726771,1.0250736216988419
-0.9141388137801738,1.5870075021852514,0.5373546824534152,0.5393649834515224,0.6423276826446722,-0.9087178548264979,0.029132497337104487
-1.533684081377897,0.9827259473983452,0.40624459072818825,0.053564442181073944,0.06093734895683075,-0.9591548360275102,-0.45176577150340297
-1.6030532049487827,0.42645010927827504,0.24648199632737278,-0.42162201280074785,-0.1450965966155358,-0.94912915540034,-1.0044951832780413
-1.255932708981685,0.185423108308423,0.5799539298833531,-0.4579694234824996,-0.34046215197158164,-0.9476421819051307,-0.8520488128695092
-0.1953135016587675,0.25659252247377917,1.2926413759332984,-0.0622612123702188,-0.6130126135959538,-0.9347543879487418,-0.15003044356256445
0.44643631386657556,0.6362770695716259,1.9090211610670238,-0.11084790431600337,-0.6149278587238096,-0.8966460323981206,0.5423942481589248
0.42348594280808316,0.6807035917285523,1.8785514478743295,0.7436320784033557,-0.7168421146181966,-0.8977478010603092,0.695812130221679
-0.24985406069910165,0.14857557646568884,1.0644165870488145,0.43157537203947255,-0.48833701477713126,-0.9394990345748203,-0.2810023584475373
-0.6961710135459588,0.1025360687623691,0.5251126102776214,0.5573898731787095,-0.18879373201195926,-0.9845845679880599,-0.4703661717165519
-1.0700996687732454,0.5808005755449775,0.3034374903168452,0.08821599723632219,0.09251515085825468,-0.9610249433620142,-0.5315511661064872
-0.08171999053848376,2.0239693702109096,0.9782473529736193,-0.3258811130179321,0.9014819806888076,-0.9385380934859944,1.0916221700131334
-0.16884709062638603,2.123125104483117,0.9646269808088956,0.061332831338858675,0.6964030196016809,-0.9323002603835285,0.910617404935665
-1.0789720748688516,0.951650453707072,0.22031353928237798,-0.48976671647950143,0.37929013277105467,-0.9638704887414259,-0.7182230825002575
-1.023966570480922,1.32566913385398,0.6162929455222711,0.2792374319538486,0.19550574285755307,-0.9818777791882848,0.07056342142450059
-1.3012206692073238,0.1179349763457845,0.2810424126168343,0.2686019333467049,-0.20132460578236566,-1.0191018204179387,-0.9872508514155768
-0.9146649790676747,0.03532765707802954,0.6724954728676722,0.4205501692353271,-0.49058465781973887,-0.9552655098102357,-0.5647040013068552
-0.4546787960993361,0.0723283204599779,1.1631446864098607,0.8715771052349838,-0.44361630484956716,-0.943330372967769,-0.3325936752520172
0.1927751916953678,0.5449351273070722,1.8042004987359253,0.9109864774645974,-0.7327866622115312,-0.9594799820424793,0.3868107047002973
-0.03932783249405027,0.44765576482870645,1.5291083713816414,0.347816805698488,-0.5844897068158202,-0.9691950136107617,0.24432232874755394
-0.6911188248992035,0.09238855209708459,0.8471857172164744,0.312931856371413,-0.5903462415043047,-0.97293522827977,-0.5955090166761837
-0.9592746852683319,0.3199644786623303,0.6059862214687621,0.4362539636353262,-0.34126940405026446,-0.9901389731609725,-0.4923263830672228
-0.9056019232448466,0.9858375802751856,0.45876778799230156,0.9970939751468451,0.24975519300800328,-0.9707089100244078,-0.1294263005625803
-0.46025709178436247,2.4693616399087928,1.0504986226259394,0.2844192130348412,0.862021599666126,-0.8669396983935498,1.091662649665393
-0.09614156770450877,2.99414342479707,1.369107002168657,1.152429639824774,1.1619764227067038,-0.44890547282950616,1.6164206217288581
-1.2162055696723075,1.7074321863774324,0.4429738793918735,0.41381813629373976,0.5220946083372948,-0.9608944707572814,-0.3532990173826507
-1.2834859923819935,1.8842011099851457,0.6483536203574728,1.1077656846312125,0.25027753258832725,-0.9948670518372438,0.29720899442433196
-1.5209370530533508,0.9729479881810323,0.35917838728967033,0.17319720696459662,0.028357077153774016,-0.975184327466117,-0.5929587985838483
-1.1259986580881078,0.3698077737997401,0.8922124271119722,0.7464435158245681,-0.5402491272095644,-0.9862952088056682,-0.5172011293805646
-0.6211883535063705,0.38645623474314644,1.3518713539646026,1.088573823544874,-0.6550266547891096,-0.9364505318102687,-0.23586754617841518
-0.16432945515613973,0.9743894664035057,1.903062906310518,1.2603712786982946,-0.7267243573853429,-0.9428291924860969,0.437248351415388
-0.1705493661009723,0.8990895841870686,1.8574760901096172,2.1679067042378284,-0.76190049861789,-0.9398345355584191,0.5463410142542067
-0.7423794863408866,0.5762474644456648,1.134208765195891,1.2624546972899457,-0.6813494039430291,-0.9424502006342538,-0.364269003144921
-1.0539084217744312,0.8392212776157463,0.6945049276401407,1.7930733624472768,-0.04215349003263092,-0.9853984685223457,-0.12699752142702325
-0.8582351645269739,1.71761645461213,0.6581403853413798,0.9646179116528701,0.5410887748945425,-0.9641811378003136,0.31945256334081934
-0.626482334703598,2.2968497730912443,0.9349985023220134,0.17318650080534007,1.0004204838225588,-0.9626962352988302,0.820185861788384
-0.6235889207407889,3.1648422141903194,1.178487675222012,1.535815061630814,1.0044145349569598,-0.9160719535472335,1.3636251933695136
-1.2642721928792011,2.3379972385551238,0.5578169535257204,0.4005788997549931,0.8689755750890295,-0.97257487537146,0.008831951729064825
-1.3138958179830182,2.1510726312667017,0.7201028470805514,0.30602638364983975,0.46977623178683137,-1.0036335682790556,0.32799376996753143
-1.9584597120209788,0.6911634967338346,0.30186441688618615,0.7957753564547305,-0.13554675176314185,-1.0310638801788423,-0.9940716728212713
-1.5636498148553846,0.5311696228086125,0.7725745162402791,0.9257652597046842,-0.41238672933502596,-0.9693814030460942,-0.6728453923175808
-1.318603229442048,0.5008128264747184,1.0878669156410405,0.9957321516891929,-0.5610530157471275,-0.9875564439847525,-0.614554693064186
-0.646701981896479,1.0621134208348828,1.8855825205570123,1.4294108272267834,-0.6352199599958025,-0.9611947648475395,0.20667625214640398
-0.8500630889142212,1.1437611157902268,1.7650258035378088,1.5051933049203716,-0.3709477892959639,-0.9663846751246906,0.23357498107270916
-1.1528108947943405,0.6781411906390286,1.1928811085950914,1.6731194128860054,-0.6870845870118424,-0.9889025899065993,-0.5773538926378871
-1.711749528621255,0.8830271066003896,0.6309325826916751,1.6409474043149663,-0.30845698132261923,-1.0449084732366056,-0.5615668282567586
-1.4582782989372896,1.8564536750794682,0.5664136287621394,1.3450762695177045,0.5709096163894222,-1.0242192459146826,0.010005861644584436
-1.5336736547658671,2.6473372400455166,0.8825477097249038,0.8635731805735164,0.8032346541714445,-0.9969090516509991,0.466373461215955
-1.7552259960675296,2.951495270248889,0.931184542849293,1.1767989995284007,0.872806065344741,-0.9823582497326978,0.36383850204314366
-2.0324665809727533,2.416488382048791,0.619488330350004,1.2234585828077011,0.7454765593652806,-1.0015853554841225,-0.2834108977569652
-2.2170511654514224,1.729378998577662,0.4822418977123791,1.3879073302462541,0.22741594267372905,-0.9991125889753761,-0.9027495773242848
-2.571712897878872,0.7796755681537033,0.06298631111597855,-0.9932795276268005,-0.19960457847745955,-1.0130607317194353,-2.5706934088426947
-2.395254488620333,0.40258813196093535,0.41196161296348077,0.0020399801348213605,-0.1760096026874565,-1.006383847947075,-2.322492421014785
-1.8119232910687868,0.5164220347053229,1.0701020779942145,0.4189421041147377,-0.45362517539376124,-0.9635267037829235,-1.709691205287341
-1.0515115242414534,1.2028086373113591,1.878689330937395,1.1124913833278023,-0.6416621481531359,-0.9567110634309266,-0.5759978242872003
-1.0073595987331987,1.0710052588786079,1.720395175797546,1.3025856646535683,-0.6670773982382084,-0.9674450239123608,-0.534121624024952
-1.6936880153707985,0.5639254799235329,0.8121242773884539,1.0170052901353321,-0.3877681790138823,-1.0236455806526032,-1.3835668868602746
-1.9520341230477876,0.9002268410849701,0.5357772661391609,1.3191331044031158,-0.16275589535639928,-1.0244801911241483,-1.2372329439428986
-1.923999875761848,1.1575960399197984,0.364010285162758,1.9426448309805684,0.13709868069401668,-1.0035320895864857,-1.2070553631835892
-1.3822129604742777,2.670292678650706,0.9661552708707831,1.6975487270814769,0.6014902245465898,-0.969689981111256,0.08297043484197664
-1.275339662928555,2.9831894153585887,1.0320296932308015,1.667616447027264,0.9296038995082884,-0.9712950012488426,0.34942774583883235
-1.1290770133536747,2.494665095448606,0.6781563727583773,-1.496357668708208,1.2408971847520687,-0.8631974127308155,-0.23777008983460227
-1.897381900235048,1.5600277667295024,0.5032898715712106,0.6722327023100935,0.5605894525599829,-0.994229185769661,-0.6386198463323403
-2.170978529859025,0.8080314457085263,0.25117106779079607,1.7213549428081198,0.07685551576327963,-1.0170660335853612,-1.2831571094310767
-1.8419830970514568,0.49017528888394823,0.6261393099504925,2.014314002287137,-0.1944656011922487,-1.0036190713229742,-1.1126770539410265
-1.1250598552608455,0.746439898882576,1.3759874563868648,2.2561318802213526,-0.3810621829876984,-0.9966273965042743,-0.5567092699856434
-0.633869967946508,1.1038060345783656,1.8197275504055066,1.6437609829680349,-0.5854077581994207,-0.9801422864459652,-0.012156747967382805
-0.6407765208053294,1.1446411117022466,1.9207844268354457,2.322542186100271,-0.6518345795760171,-0.9378132456819229,0.11209554464254484
-1.3364729279806988,0.5322129590291275,1.0106776616633224,2.1518132056408272,-0.39662684724988734,-0.9740162870046992,-0.8653868582889502
-1.8330456848160457,0.7824523533981266,0.6063078741398832,2.0295081835064446,-0.05602978393417568,-0.9852182920681908,-0.8755472510060351
-2.000841152207236,1.643994894065483,0.5434716689070915,1.543523496296754,0.4263006950002423,-0.9559737896644998,-0.5753703896771809
-1.8952318046862549,2.299377464365213,0.863355180515919,1.927938850623437,0.7970773785124711,-0.9771393455433839,-0.053972228751242385
-1.0803399415185135,3.5050943690634884,1.4211530268433428,1.9156931456638517,1.113477984097198,-0.775671004892334,0.937232776296156
-1.6003344804243915,2.421805109090321,0.7204862217628886,1.8910711206017334,1.4010549419313052,-0.9583264385371427,-0.1948009389613534
-1.9197448860661335,1.8508653947750648,0.6903362202097412,1.7812644687854275,0.5823799825270476,-0.9965279888054303,-0.2699109337284885
-2.1340834098248638,1.0055057951719026,0.390830593674626,1.6215735385212378,0.043325535632360475,-1.0115406223246115,-1.1525090317641788
-1.8874860551821295,0.7501334316084314,0.9339261731447952,1.3506284837090319,-0.25508864945413073,-0.9801484994271431,-1.0048999798006353
-1.501106102967023,0.904443062798011,1.4706157619205324,2.444500328674686,-0.418834193649736,-0.9727902587189556,-0.6909802765297471
-1.0514287520867385,1.4454894589047282,2.0761744217050087,2.9683205827030283,-0.6647980982513392,-0.989824182114633,-0.08771201890937004
-1.1183635238702616,1.3976021639615535,1.9183263966136528,2.3792420055319563,-0.6775980560479726,-0.980734590651578,-0.04174737376893234
-1.7636324665786434,0.8442807436713953,1.052717556857677,2.6780551928933862,-0.43366019587914323,-0.9671095229287618,-0.8971633853125021
-2.0909834071470073,1.0027228846659106,0.5414678819664873,2.321567925607771,-0.058029447580063495,-0.9774002907528496,-0.9384526306169906
-2.0441881898661944,1.8358809632244568,0.6650220265213419,2.0258316884171648,0.33011634601729173,-0.9774292846650124,-0.48789386114482935
-1.5028290569179803,3.0834109451437306,1.2328888973378125,0.00012571885944986027,0.8252889920073588,-0.6537453912663509,0.44275358412265287
