0,1,2,3,4,5,6
-1.183955592671145,0.9657834738996477,-1.6075328393896537,-0.6158167531224181,4.489443110251243,2.572063430136024,0.4424702265568384
-1.4760055781105097,0.5125141178245674,-1.8404467137018163,-0.22923875462556834,4.1627434454665835,2.319157818314343,-0.34645795615082736
-1.4854333906066834,0.2858794397870271,-1.7759364455394702,-0.859148481975753,2.269974748036859,1.6920236402192421,-0.501798621695899
-1.6063854103552708,-0.08163625432790293,-1.8955951771167565,-1.5764354574962074,1.1282987101692297,1.3195699155689318,-1.295564122848552
-1.567168476044589,-0.29806216308447286,-1.7865946080220012,-0.5067509675267879,0.5315019969405091,1.3928768804852587,-1.1372279630362916
-1.4772948083007302,-0.6962041650423137,-1.5932099115447713,-0.3873687268699067,-0.055085351763690456,2.0531635261448598,-1.461975973286542
-1.3248049666273654,-0.6472020724936564,-1.4188056691216981,-0.6447276655833961,-0.1912313167201399,2.2759030433548153,-1.2639899940862964
-1.261038137423942,-0.5981999799449991,-1.3680825063398951,0.4395792967009371,0.0736792690223172,2.54694020524691,-0.9489368605521484
-1.457956996188938,-0.7104964420356721,-1.6542147465049424,-0.00962330976111225,0.23690247363759856,2.171119044798257,-1.4345914885331241
-1.393675942790003,-0.34093899406454803,-1.6916049634018562,-0.028553940561548634,1.0516836288976201,2.0605300508279507,-0.9477629506366289
-1.3799991985179527,0.06128651560568098,-1.7762263574568595,0.6235903383361614,2.1316761108705884,2.0463043949246185,-0.481639754870767
-1.1776665398912338,0.6268523337714345,-1.6998802931807844,-1.0872667585231133,3.0406050183660347,1.84307985159399,-0.049114670480125154
-1.1868484241416613,0.7248565188687491,-1.64472381428294,-0.7004360946677679,3.173004911584804,1.9719391522143472,-0.06101568824435924
-1.467873461468999,0.3655078401785953,-1.8514818412732126,-0.9351322354633965,3.1622309982209433,1.855563801773825,-0.8397429985826816
-1.4309827101270287,0.2613783935126984,-1.745440800723511,-1.599177480992579,1.8047231905318324,1.4952005384954257,-0.8021576414599192
-1.574411010457525,-0.375648809619847,-1.8575817773703975,-1.221402086637862,0.9818906191144889,1.324799174726875,-1.4396109654132774
-1.48651583603319,-0.5451143796839536,-1.6969755184832374,-1.3715067219022141,0.08098674698948047,1.5674098767370162,-1.4567540981450926
-1.5244003192255728,-0.890170781380749,-1.6602884018724644,-0.5021772962916651,-0.23266498060182483,1.685980480527011,-1.7251746722765218
-1.2777967901645413,-0.7370392421661949,-1.3557668704638555,-0.44595497156289976,-0.30130778807676684,2.1921023532292607,-1.3071413033947124
-1.27234879800527,-0.745206257590971,-1.4134155501177563,-0.2667295831161081,-0.28489366247687875,2.1139679019378192,-1.2578775665951414
-1.5473243616324592,-0.6900789034737316,-1.7157634613051258,-0.5621296469060065,0.25449318233256035,1.9183294086252283,-1.6641313566694962
-1.4285784149419405,-0.3450225017769361,-1.7195562928586225,-0.17023496972151003,1.0203485302355395,1.8864506022021683,-1.0233587012308756
-1.5049094281394033,-0.09797028517745537,-1.7492300155347216,-0.45921990288386755,1.586163647346438,2.2166456998751176,-0.9395658210541207
-1.3329822846707469,0.4675955329882981,-1.6104509499516149,-1.2385640599288348,3.1628483086340533,2.443023953061512,-0.14614439694567166
-1.2012035971863817,0.7616080882802421,-1.5460190212650433,-0.47917618374124277,2.6105401544083087,2.4445979082932094,0.12820644624174768
-1.4414925020558758,0.13070614671627886,-1.787238695362576,-1.693134734642971,2.637944515824515,2.053884231961479,-0.975248634520695
-1.3555871795507626,0.05720300789329287,-1.6697823922665163,-1.706117023359524,1.5711635319235884,1.531534052422935,-0.7803795885444155
-1.5511918774554343,-0.6124922569383574,-1.799165859602863,-2.0757600191416756,1.1122222586414696,1.3884263149682603,-1.5025163450242327
-1.6024072792460162,-1.110680197849707,-1.7009105480548832,-2.277920141951485,0.03403949864881694,1.3019954628107897,-1.9412955356889372
-1.485151289589594,-1.261769983208067,-1.5726365687807888,-1.8211932467627374,-0.19252397527750817,1.6586620022884242,-2.000557746596553
-1.330498595786238,-1.1474317672612,-1.372395492462576,-1.0854295815943973,-0.4575189795379973,1.7995827703685299,-1.7270367362804526
-1.240496721488876,-1.033093551314333,-1.332256816749011,-1.4526808213982567,-0.3084780859521277,2.126567827766305,-1.596854174614536
-1.5332849576593146,-1.0310517974581388,-1.6742423661471304,-1.0845216992892979,0.13263505155306318,1.3891014589229096,-1.932491211322539
-1.4878915080795667,-0.6757866264803731,-1.6777764958952446,-0.512973387287682,0.4217315427117486,1.372539722096742,-1.4508440689152338
-1.4277429462473064,-0.47977825628574383,-1.707836581604451,-1.5283626611948185,0.8628763371612015,1.42343025092373,-1.5016257926745284
-1.1311263377359257,0.355299070897625,-1.4761249040496685,-0.5734481984738274,2.724104165791142,1.9595753196706154,-0.07487996914317022
-1.0196904363150026,0.8494035040965865,-1.3507214730818335,-0.407369973596168,3.584629605509868,2.5790240400488353,0.40814348144094975
-1.3764807703256652,0.12866439286008483,-1.6529472528868274,-0.6762979880041217,2.6865590298963156,1.9120398006796147,-0.7691262452163299
-1.2729441051278496,-0.3143961939340253,-1.54820308674972,-1.0779395525773272,1.7379428666109764,1.76857171031663,-0.7382605103686114
-1.4011493771475474,-0.7492897653033592,-1.701799903586635,-1.274596709528397,0.6114516096743895,1.6034389545868146,-1.3732850551864113
-1.385542486416221,-0.9003795506617193,-1.6431908741238266,-1.1171219542306665,0.27749195233896123,1.3617374188223523,-1.5229788092413103
-1.2851826176813466,-1.1025131824249308,-1.4196335819273525,-0.8146022945340309,0.11482802040564354,1.8443970036036743,-1.5087299716460358
-1.098010019948644,-1.0269682897457508,-1.2378563799436302,-0.7599794699984448,-0.2731964215720402,1.9872106599492683,-1.2709929739271557
-1.0753376142119675,-1.1392647518364238,-1.2385873249560972,-0.32454926680620627,-0.2530942619656198,2.110057865783285,-1.3207019869015777
-1.328838259756687,-1.1698910596793346,-1.5374399828838652,-0.15933824082846448,0.055481802228998504,1.6464182873807962,-1.5849126771980424
-1.2318671564298678,-0.5185715795534309,-1.5545879774534386,-0.057263577228467595,0.670797827851035,1.6522854126063227,-0.9715852259912284
-1.0847600095298247,3.389991985930417e-05,-1.4800628940435705,0.062478390379490045,2.4494748981602257,2.4437819367651983,-0.2492865509023732
-0.8313428351305708,0.7289400265811372,-1.273422404195472,0.8667250738591452,3.8120425407738927,2.807636895465495,0.9425760903943848
-0.8169041326911556,1.086246951415097,-1.0985749083606275,-0.07804637358058056,5.1112751902338935,3.9020390329708947,1.1504593445720306
-1.1954609804257386,-0.12042957759558999,-1.5693950739799705,1.332755621443311,4.000902594084082,2.5901162824448525,-0.27323026521375016
-1.1758781138066383,-0.32664671707118964,-1.4787938224645358,-0.0568717317996157,1.662462159175425,2.0843651176195435,-0.4934800531566124
-1.4060423706508565,-0.890170781380749,-1.650830886114905,-0.3075650157589168,0.6639124424740331,1.9014093898844764,-1.2611159387758861
-1.2434630634866615,-1.0126760127523924,-1.476570266064085,-0.4395376997035028,0.4063198870134933,2.0811467933694665,-1.2552059095460273
-1.0898583898153469,-1.106596690137319,-1.3168916666626966,0.5382044357879264,0.14020633738907717,2.322902174970803,-1.1257519816207793
-0.8412719987426004,-1.1229307209868713,-1.0636287434653198,-0.11995884584477433,-0.13220694414349288,3.002977165681553,-0.9006851150590613
-0.9095972378767204,-1.0433023205953031,-1.1027923370799708,0.5623339775241682,0.004107857849020898,2.6144794526365547,-0.8292385288213927
-1.1590953458851432,-0.9146718276550777,-1.3802007434940897,0.48537168108032,0.2363854102146509,1.9955940425517842,-1.116077344730807
-1.1803688963822168,-0.7288722267414186,-1.5177804749922819,0.7502420611293965,0.8445786233777198,1.502152864433333,-0.8973455437476685
-1.1490588289436698,-0.377690563476041,-1.507407965329081,0.7261767563487056,1.273092297066603,1.808891887166532,-0.6541640327999121
-0.9717302926991137,0.4757625484130743,-1.2672060341323321,0.6131068671904867,3.0115650481629532,2.6296909015534236,0.5420299312885913
-0.9664507573107332,1.0352031050102457,-1.078432125499774,0.5349626107645284,2.8623447652262657,3.47835306552882,0.7588187089632833
-1.4804776044342798,0.53905691795509,-1.4186279879292274,0.9881329198476869,3.273431291098874,3.831610749333594,-0.03946027341628098
-1.6086551498208719,0.0878293157362037,-1.42260562244572,0.08425043584706421,2.2454247877616167,3.1406319766558863,-0.20073120801734046
-1.434138478618223,-0.6859953957613435,-1.6103956096053593,-0.0536020707621464,0.499570692494825,1.8140755844625052,-1.1269663711885585
-1.251651973126657,-1.0106342588961983,-1.3934518728034782,0.4080004093528071,0.5001088605472802,1.6811737040891555,-0.9418731612329004
-1.054851651543114,-1.2781040140576196,-1.2114032475772192,0.3234431635311581,0.1860086595789286,2.0370304850199568,-1.15878337786437
-0.8564946775580223,-1.106596690137319,-1.0108499025678717,0.13039826471382135,-0.13148938674021896,2.2556342277592547,-0.9262884951130695
-0.7484056021001202,-1.2046008752346336,-0.9590221811061593,0.353816537346809,0.3824716556693936,2.5949582657760497,-0.6587179936790829
-0.9250102169239894,-1.3066885680443363,-1.250270352109938,0.4722031051926747,0.4535837047967777,2.0440697926943527,-1.1696116848437323
-1.0427453064907064,-0.888129027524555,-1.3869656434944662,0.6815427784010656,0.9956719421832466,1.782985826649021,-0.792483004569947
-1.0338803562964396,-0.4430266868742508,-1.3817154044421887,0.699621198924545,1.5531982160548583,2.0616338904838654,-0.44235425235311376
-0.7398202482060863,0.39613414802150615,-1.1622495275195337,0.509351336586945,2.6184860474180907,2.742508284772819,0.5746767708357183
-0.565354952823605,1.1250402746827841,-0.912549137366835,1.83271612894872,3.112941136004885,3.415562606752706,1.2628510990699824
-0.957664094080531,0.6717709186077037,-1.2393049061756385,2.09696983422452,3.360778076475328,3.0294568914611433,0.4493922470931787
-0.934319841734085,0.012284423057023638,-1.2872484558858075,1.8077921901955158,1.510809567687933,1.3922970022420018,0.07475306543333901
-1.1243848049434706,-0.5736989336706704,-1.4672970365920512,0.43310207034969733,0.5276240212684044,1.2847109491742763,-0.9917643326424908
-0.9831591409665196,-0.9105883199426896,-1.3535039348616777,1.2278459668717305,0.1290208837498091,1.332374869776284,-0.8969407472250758
-0.86670238898416,-1.1555987826859764,-1.2338718331204528,1.2558190197816819,-0.17659525615630522,1.70865579083209,-1.0895834123270933
-0.6120180608525574,-1.112721951705901,-1.0167821419155774,0.8346044548525465,-0.3227500916569484,1.7980440220301723,-0.9375013587888956
-0.5914722762253003,-1.0882209054315723,-0.9807806842352864,1.6316715879336199,-0.0868847522749491,1.8371381705943304,-0.6806174855513651
-0.9718814494489282,-1.1147637055620951,-1.3176815687637058,1.0639796344968282,0.015113922137470556,1.4949520192483157,-1.2459360691786479
-0.8845295073362546,-0.6492438263498505,-1.3319430259539786,1.8492678511619718,0.5318766041142766,1.1454531890560837,-0.6530306025366508
-0.8683429202757779,-0.21843376269290468,-1.3624389360908005,1.5837465366299937,1.0392477259600008,1.582256830758124,-0.48627467505445676
-0.5616039354590605,0.4022594095900883,-1.2060300113586992,1.7068630856361533,1.6890223354113107,1.7432268890988434,0.40308352490853705
-0.4302144693243117,0.7406658189772596,-1.0478686283642453,1.5694602377157874,2.8533858500000964,1.7138332751468857,0.640193088017399
-0.6539007711382733,0.5549233871715744,-1.2061527850968472,1.059003411673591,2.3935106968622466,1.847830711201246,0.12260001440383463
-0.7020418368601047,0.36539554371650496,-1.2231414056134768,0.5930156887264573,1.0652591818286752,1.1583989708367983,-0.08951336343490815
-1.064156499916415,-0.6949668622054601,-1.4846669930096523,0.11706909643730075,0.07697686738295045,0.7338121211239497,-1.1852773102680836
-1.0526020080615923,-1.0578273575282677,-1.3862203711554133,0.036019188388653874,-0.007304470557458469,0.6931129524222048,-1.4394490468042405
-0.8624780383830126,-1.2660699168292118,-1.195161421503539,0.0008430315297516645,-0.16289307544820167,0.9525794723675942,-1.5572448348788093
-0.4533045802836905,-1.1834911821154435,-0.813806431394085,-0.6213989445596729,-0.5564574826717493,1.5119155288573118,-1.1277962040598741
-0.47487223113907084,-1.210025815230541,-0.8337539660285069,-0.7620264876486261,-0.6439045150383667,1.698023309043226,-1.2241175366108834
-0.7920717290367193,-1.1754323796450452,-1.1679415397724537,0.8830862264376004,-0.17730226124482476,0.950206113557692,-1.3957512621903243
-0.8812625410664885,-0.7201621047908946,-1.3485930132642745,0.7234445445060008,0.7305081008866938,0.6337996921119071,-1.0162342824332389
-0.8216268054482393,-0.23362645313684471,-1.3484488043932723,-0.0802090177507473,1.4114331434918892,1.1867488039508929,-0.8258584778577416
-0.43950760960253993,0.5185515839773347,-1.1099733020858205,0.945518123536153,2.4125154157342483,1.4834849269879065,0.38589991252446354
-0.19363458412509776,0.8240980068029179,-0.9576333520682576,0.04589883215216891,2.9963116771860077,1.7685447873981934,0.7675623138512929
-0.6506162718505143,0.04087510230530886,-1.3332480275635255,-0.4178877044514722,1.5797636684481198,1.0520658689732534,-0.7180611638912188
-0.6311359821240619,0.04991598838053636,-1.2498259536291805,-0.726567688185303,0.10276672464179129,0.7883890187830723,-0.6181371422891327
-0.9468454064891555,-0.7900166294728618,-1.4312571073866693,-1.190307117688204,-0.539953662396452,0.5988330340435037,-1.5346571889181189
-0.924928668003088,-0.9160806378158517,-1.3572854972606383,-0.7383358984419705,-0.5328414022522382,0.5000569882858346,-1.5156722320085065
-0.6535307720342989,-1.1560581773036198,-1.0098241162556714,-0.7196044022037371,-0.601436724310787,1.0717485933443804,-1.3973906881068263
-0.20445740741174734,-1.146071959192974,-0.763578483020373,-1.0937761033521285,-0.7687806078375151,1.1214793656848543,-1.0452379532770286
-0.29173968344627926,-1.1483219719425004,-0.9034351423051853,-1.159336340185938,-0.6192226508286988,0.6505146824737926,-1.2019751668250453
-0.6514398577023887,-1.24578713402178,-1.2328229778574535,-0.5768249211038757,-0.5568531944750253,0.6490049280475987,-1.5390289913621238
-0.6840114286980482,-0.7275042516577684,-1.3095411895540976,-0.9890099113146086,0.592299158395832,0.652411712726734,-1.1415997654802963
-0.7111934897605694,-0.5230409787446398,-1.3900568130801838,-1.4226050788099842,0.8640001586825057,0.4345079658667973,-1.175845551291666
-0.3429061558843205,0.41131662969616545,-1.1102976638225925,-1.1779693397589968,1.4258370531311348,0.6320517734072321,-0.015374880321996342
-0.12883633581996057,1.0712911044184759,-0.9166319506590013,-1.0433243984635567,1.3355620004104392,1.1984084986278123,0.4234650298210957
-0.6499860734396344,0.22265040636840944,-1.323673253948911,-1.1872751333862677,0.727062770119504,0.73982421591029,-0.7751172337507064
-0.7379101394816601,-0.07642978199460818,-1.220025072438571,-1.5199561849452405,0.6877342930312478,0.36286815089983443,-0.7925842037005952
-1.026940892623111,-0.7955477406692916,-1.4307661241481255,-1.1908103071733411,0.6812340671427676,0.14859899802888404,-1.3851455932983872
-0.9355217563297129,-1.5091325463936895,-1.366481965217818,-1.510879503126098,-0.26825266210977877,-0.034762644476462906,-1.9205497139060443
-0.8711263014445988,-1.5526035277459171,-1.2412625552146457,-1.463134315298011,-0.638390930579388,0.049158163285195344,-2.0096454285287666
-0.41221464200759367,-1.4908180143036287,-0.9002839124547074,-1.2554947801798297,-1.037384503743882,0.36442346718799895,-1.628893819377774
-0.42966616932970775,-1.4774792363611127,-0.9697337847961398,-0.9188781444775243,-0.8444565330960162,0.1655728626065098,-1.6010235787972433
-0.8253881329263548,-1.5001814974881347,-1.3190693085896452,-1.2622974737725203,-0.015440305232813022,0.03902686197800309,-1.9859445921309464
-0.9244411802037857,-1.1535509035682139,-1.4266362513134705,-1.2027455335144381,-0.001695915265693771,-0.037906412952406814,-1.7901647539788312
-0.8197592769103699,-0.6441864020480575,-1.4206803425519616,-1.5179477094683937,-0.25969473484426353,-0.06487282225758828,-1.477823757146059
-0.6227134930749139,-0.2784000734493239,-1.2620577900053767,-1.6399915013168755,0.9497588206884782,0.10907201177600898,-0.8869827527692872
-0.4593417633964747,0.6905836386386756,-1.1096672474885743,-2.4929683392763757,1.5762866807366676,0.2946434045869107,-0.4298662796311199
-0.9443323599931223,-0.06471011486005428,-1.4328790836416,-2.3272198641038693,1.2317852609619666,0.4116545501012898,-1.463008204419154
-0.9011595457787468,-0.2610002470868383,-1.2926286323395253,-2.305873923774772,1.0711315449892918,0.24657149822089708,-1.0184201836552402
-1.0536520669166556,-0.772686222741486,-1.4615939786126892,-2.502252720585129,0.7271419124801592,0.04164666904128961,-1.7107639160722128
-0.9655686309834972,-1.3154558591028338,-1.4049558363035115,-2.0423289662418678,-0.2679571972966661,-0.13796854581387125,-1.9314185005376676
-0.7378646468336427,-1.6506995917667606,-1.1725572011424457,-1.6421884051966678,-0.16362118516622967,0.14356441228117678,-1.9081629403146962
-0.08307911980376334,-1.659963029012313,-0.7664818054353028,-1.4800778829401156,-0.37516343904019794,0.49633127057290777,-1.431555514613677
0.1189705640674282,-1.5829991174030777,-0.630377453433275,-1.2901527589306323,-0.10228057950107373,0.5193172299368737,-1.1511124837612328
-0.4419979971484083,-1.7083750546965304,-1.1104189433853557,-0.70744648775007,-0.21734301957897814,0.1868398971779642,-1.7321169326389936
-0.608718125519056,-1.5802795012666275,-1.2874899397636268,-1.4671127240783766,0.015087541350585513,-0.03600109872456167,-1.7404152613521509
-0.5529654000187529,-1.1938673752126214,-1.287015573989641,-1.1741086987304725,0.6660018007953301,-0.07561092472647388,-1.4638380372904696
-0.021201080106872962,-0.46685599612989176,-0.8766807730098249,-1.5519697423592562,1.8783941759870686,0.6725831916171775,-0.26472953823929646
0.059138819792869446,0.9496495349280022,-0.8156793732566132,-0.6066073149284755,2.347180758934694,0.6365230488614899,0.6024660521117301
-0.46071440648293194,0.16298423342885063,-1.1943018238011769,-1.1377227458753891,1.055260863599235,0.05941579520966798,-0.7630138177251748
-0.3423027521188796,-0.07080475012079333,-1.0465958562573878,-1.0486175236008344,1.4559058740227342,0.05816077301176155,-0.4203940410024429
-0.6966193578632289,-0.5642619473473414,-1.312005196477429,-1.1971333648312599,0.49771876125549336,-0.27844197924917785,-1.1780516923397975
-0.6255499975407789,-1.0803193180081017,-1.1560375980897801,-0.9256358722013308,0.11336652481221063,-0.20434596572327593,-1.3409013333789703
-0.2445035777495366,-1.4283934319043516,-0.9128205326808595,-1.058925413734677,-0.2358676081296717,0.16971899204579796,-1.4072272436058342
-0.02807734336650264,-1.47553344493616,-0.75140982093801,-0.7562665739676852,-0.31738951576190316,0.020814543152277876,-1.2316062722788543
0.1545442420876126,-1.4723176826126547,-0.6396189142230649,-0.5916336805898897,-0.000361047449309199,0.29713066805173804,-0.9732044120816002
-0.39441443479939653,-1.6128516005344913,-1.11608320866174,-0.995587775562877,0.10455534199259876,-0.24905043629094656,-1.7108246355505992
-0.3634442516133214,-1.4186256814563185,-1.1756960307336568,-0.5591768881825817,0.13227099669404918,-0.2671239985370349,-1.3943344743612487
-0.3664413492041331,-0.9853859307105026,-1.1832446187411534,-1.6640610885612706,0.7986866065124588,-0.06829617488653066,-1.1940411549822223
-0.16069767396379916,-0.29263722308856444,-1.0487675354470538,-1.7969330898835456,1.2607566411191462,-0.2515459837306781,-0.6007106519915034
0.22978185900347636,0.4629158331499015,-0.6589423443671502,-1.4875400759431152,1.3173909144040064,0.24285199348914788,0.25579831016306703
-0.29864984775731274,0.5557012953907841,-1.0731136710572722,-1.3684640314410192,1.314937501223695,0.024366297392227915,-0.4193213302175691
-0.35222405208496543,-0.31593975984930817,-1.1183314538666773,-1.8467252953618094,0.5590224338190102,-0.3424356853800508,-0.7593908888479667
-0.5330308245536509,-0.8761173895885662,-1.2590503221697111,-1.5928929655079869,-0.10454405101581198,-0.44145817939110427,-1.2998347261619074
-0.35576572171971016,-1.4856646275705947,-1.0921840130268587,-1.1493560585254023,-0.39841546460069516,-0.36317668754512167,-1.4297946497403975
-0.22867766991636074,-1.6303351388050809,-0.9726621590862107,-0.9690878901668589,-0.5021499947901522,-0.2569989102110207,-1.587564094421026
0.18977733686457582,-1.5440097857651962,-0.6749192126487905,-1.1107046823712714,-0.5131718875507328,-0.2048367912363186,-1.1690652095382332
0.12798917572836485,-1.5452613808790432,-0.684935982892142,-0.8384727472162229,-0.3213571861094169,-0.02329762320977978,-1.0433354096208416
-0.2464523057129325,-1.7025193046369655,-1.0141297013227093,-1.1883007834432047,-0.24848817657548733,-0.2659973779501353,-1.74919934589242
-0.34201086523128255,-1.485746297724843,-1.1218947270169197,-0.6857750801795225,0.1503945972840896,-0.29161971232719547,-1.3729004984899478
-0.351742855202418,-1.1477502808627662,-1.154658571959542,-1.8037400659399405,0.5313384360618226,-0.3370738826236484,-1.3282716818740676
0.25026333648167953,0.059103880733409615,-0.7798374013433131,-1.503455852296428,1.5229077965534243,0.10858739924414403,0.138832354959814
0.28939650840074915,0.5669983194771056,-0.8039856075899611,-1.6392249403139845,1.7349143522765704,0.10072797805428449,0.35685576202841435
-0.2959965953665585,0.020559651436178373,-1.1555932833945584,-1.5194808314741748,1.7814289557123193,0.02478049613741165,-0.6541437929737818
-0.37083374883156706,-0.29297819598254965,-1.0922997487800172,-1.4259732365126292,1.0114001673241242,-0.02522778936233559,-0.5091456785809623
-0.6980132036691197,-1.0763113551883923,-1.242333124895618,-1.668035214877933,0.23221196972943375,-0.09659216216375126,-1.383951443556737
-0.5443551737038442,-1.4488109704662921,-1.084857596331229,-1.2248965770197535,-0.013994638111511392,0.01395955391948893,-1.389982911743373
-0.1579264086346549,-1.7126361949944073,-0.8378765774500775,-1.1971419297586703,-0.3341149346470349,0.18909106735803705,-1.3835466470341444
0.342682437293016,-1.723279857846747,-0.4521922630385021,-1.5857605222101423,-0.29708686217515623,0.6805834403803996,-0.9032960526297855
-0.018284075206232576,-1.7970422994094695,-0.6972799103506978,-1.0902666243472743,-0.1177027875140834,0.563098037302785,-1.1135068868123412
-0.3268463191466161,-1.9091488783915165,-0.9555820587289751,-0.7597653468132809,-0.1711291571137195,0.09798184037371689,-1.6844116624514056
-0.44997662707093655,-1.7529567501465275,-1.0804968664175183,-0.525938546149422,0.30012139132897087,-0.05325040546773485,-1.427851626431951
-0.42066922638203935,-1.287816637151535,-1.0987354414468138,-1.2029446680766411,0.40815071362331684,0.06599120028945822,-1.2937222986707535
-0.06478985206707456,-0.40573405269086615,-0.8594878554289209,-1.1589295061341274,1.048438792110757,0.17777722863334613,-0.16873204290636187
0.10154367616927149,0.5100783054741274,-0.7302565845179689,-0.9090927149154835,1.2092085835457271,0.20140312505862093,0.3263745838771605
-0.4551271404166063,0.08832546192325873,-1.1318734725913704,-1.0299866652596297,1.0394271153108179,0.14680344646851282,-0.598868827813705
-0.414734794909591,-0.2598527814196574,-1.0222635731890537,-1.9756188879037189,0.8314198868794499,-0.027068902784677138,-0.583021043954188
-0.5494273418362194,-0.8958039802699884,-1.1945479577762221,-1.0479173407853444,0.16958398166428673,-0.2416776986266777,-1.0842198584027363
-0.28855630482043737,-1.4126800942270823,-0.9625393722118288,-1.542132923232778,-0.1449224834220946,-0.25077764505836236,-1.2119938807592228
0.07573076323945478,-1.5862414225267139,-0.6902219006183238,-0.5480874484228874,-0.21321178835277702,0.06722137056265375,-1.0186023420904073
0.5576927494122856,-1.5978814612608763,-0.37898229135947564,-0.2719413414430221,-0.21789173994618774,0.26045751115317906,-0.527037684879574
0.5260058677099465,-1.5320267323831933,-0.3833874694998152,-1.0156703890995,-0.3474636128108785,0.1177411915127027,-0.6677449561329077
-0.11188359664761585,-1.69774772587504,-0.8673817515570859,-0.28786354149189114,-0.007283365927950615,-0.2659352481383578,-1.2699607427945425
-0.21003034416768604,-1.3370576149013669,-1.0071126347887254,-0.6546629813750517,0.5667414520615803,-0.3944631897625681,-0.9331700359971503
-0.2487471505963251,-0.937780397799482,-1.045312387530487,-1.6058688305289843,0.675514712546085,-0.034982169811410224,-0.9556969624794519
0.20723171839892182,-0.14015291984642472,-0.7624386506299816,-0.9080991833363181,1.2432503509422164,0.08208696352729468,0.20463202970731004
0.469661912533109,0.6362341927406457,-0.5187335903332863,-1.1489856254150654,1.2880343747583056,0.648733627869503,0.8187083544809207
0.073474304598115,0.3322211270610634,-0.812057673659554,-0.6917576819730317,1.1649943847263562,0.23362985842763412,0.19018079385073927
-0.07282906118798628,-0.016408343884071655,-0.8524069582810752,-0.6142557951025688,0.8077193879419055,-0.08513542487197161,0.13073642450795406
-0.3932962825953806,-0.8398292983024285,-1.1037147460055123,-1.5875441683425657,0.059238426281432166,-0.2998746933187055,-0.9155613872643539
-0.2561593067647348,-1.1690049385057466,-0.930467302543787,-1.2251963494789853,-0.19572660280535506,-0.3557376780816234,-1.038032575174873
0.24301317141971754,-1.4386654955548637,-0.5902666224460364,-0.7877919305195247,-0.3574777595124494,-0.006663401603204594,-0.7983727939736754
0.6459592044236379,-1.4261597531856751,-0.24568084480797545,-1.05097287863765,-0.2428796212837223,0.42107342956676586,-0.4555303791635168
0.8385962205982509,-1.3323840403245386,-0.1034343986201063,-0.11223542255587365,-0.15973265717937082,0.6678157640601138,-0.116027535664751
0.02753628297443413,-1.585116416151951,-0.7672441700236157,-0.2123786950256804,-0.12019313379603384,-0.013344427363016755,-1.052929087206296
-0.03820752506855447,-1.3129669611521333,-0.9009987985728536,0.025011115439323203,0.15628806507421347,0.30189602461507614,-0.6610253338578638
-0.052198698679908326,-0.8625968955528481,-0.9149475960728253,-0.5316663413525856,0.42080821517077155,0.5251843551624004,-0.5032356493511048
0.42445759820062273,-0.11239935967917879,-0.5913588227594463,-0.36222210000413246,0.8788472655414207,0.883478695708607,0.5884398526038811
0.4117188412666251,0.3391896329722537,-0.39895180573273326,-1.0000158430320891,0.8670445014890423,0.5660512743559446,0.5797164875420019
0.1632812769745235,0.3155277475328209,-0.5802553122267542,-0.8700537757962049,0.7210057414506927,1.0459233015821803,0.1508750515069569
0.1296358814382799,0.19680792781056144,-0.46625625168565066,-0.6787454160105574,0.609335870566208,0.720706872826339,0.446659870565676
-0.24522767391791103,-0.5429766633965184,-0.7326638686337076,-1.388039173028802,-0.06122679895053379,0.18125856908661428,-0.6467967360887185
-0.12282845206947059,-1.0133314157402304,-0.5657046552961443,-1.2056683149919396,-0.3385996684174963,-0.012118399077273202,-0.7437859829020066
0.16677034755528652,-1.3139367942338251,-0.3409591724909885,-0.6140009885122231,-0.3101453516832638,0.33121301179917456,-0.6417367795563057
0.5321353758510363,-1.2597466051365789,-0.02622404465167616,-1.2003901784776225,-0.5244048266063941,0.2558454081255588,-0.48993808358392327
0.5647318775168013,-1.2713723515937478,0.0011708092062283387,-0.5405952781739652,-0.17183616220223907,0.10935987990391162,-0.2924581000369184
0.1098692967502346,-1.3525014410696188,-0.4544231087805488,-0.5065796689786561,-0.16348928123180417,0.04647829740385674,-0.9195891126641547
0.03811282851996151,-1.0357212885272549,-0.5539153601546666,-0.3875014832447088,-0.011129684655793478,-0.21229236864962422,-0.5572355054650125
0.0649456272041073,-0.5814024709700903,-0.5737335438863973,-1.150750000460826,0.37812937814811126,0.18410204347229983,-0.3341319020378703
0.7584618239791793,0.6167027753522938,-0.012390452263137265,-1.2154751568724953,1.2687711241748294,1.3676314669663157,1.3834399831504425
0.4085142016721193,0.5905070733773242,-0.2813609709950315,-0.9433502833100258,0.4613976938721342,0.18595765385072272,0.6524381828258383
-0.10286317926057252,-0.022386599175007613,-0.6400722218991067,-1.4605327185982562,0.5266901414126729,0.05362736774572641,-0.36661682297596054
0.0708291488502222,-0.09323341623108529,-0.42694585184839356,-1.0007824040349782,0.11988257917282204,0.019385557481394665,0.02474045506697364
-0.14607187500014504,-0.49652063790653517,-0.6362945694918068,-0.8205527778497665,-0.10577339568465667,0.05464422566515223,-0.5752489507204028
-0.07113249413786385,-0.927259240178514,-0.4686704062153074,-0.7428110730119168,-0.2786255875129868,-0.05852315549392226,-0.6318395045789046
0.28018544128648515,-1.1295398782193717,-0.08858110833495297,-0.6529671257485444,-0.21842990799864295,0.4306331366056043,-0.5516088338009704
0.652961810261436,-1.1454900593439594,0.16913627286194463,-0.40100409130121334,-0.323720904614319,0.3473004910621071,-0.25805039561651194
0.7515309229425461,-1.0862751140066196,0.2139265818687816,0.26004128840380714,-0.10543572161252772,0.1200607044857311,0.051092708687777356
0.37651236638741375,-1.1646498775304845,-0.23709971178840764,-0.2909340679671573,-0.1137826025829626,-0.1869806833314517,-0.7434419058578027
0.2803207542459524,-0.9154354435972943,-0.4323812010772965,-0.4341867613062285,0.01325671474076173,-0.31158616283877305,-0.44743444871165683
0.08936533506955362,-0.6145299272868383,-0.6157301079945966,-1.2151325597762317,0.249924030044067,-0.40647909536034565,-0.5361456066379168
0.5346875075798727,0.213438012969262,-0.2732224071386944,-1.758020483443514,0.46752858874422376,-0.22314437577343557,0.37276426536632
0.6935551738584731,0.931580013300685,-0.08548027548413105,-0.7734927842142078,0.7247518131883723,-0.09253301446095148,0.8992831023030612
-0.10141114247469506,0.1320332867228052,-0.6569560267107163,-1.737787983677276,0.354365565322043,-0.06510684454861668,-0.5405983683864406
-0.04808187615589256,0.002820893933564209,-0.48559945521613457,-1.9913398121585317,0.08686438630747337,-0.16877043549945284,-0.21323942056546466
-0.3429286983360265,-0.596086764703838,-0.6638147106539274,-1.5046442359740932,-0.2098350476314883,-0.21727725054790933,-0.9015959072348948
-0.00017695280930029935,-1.0026060827336432,-0.2857457892502235,-1.5629264257441486,-0.4278880797086911,0.0856904926103924,-0.8100106939982245
0.27243456585018866,-1.2805112418540725,-0.08708698880732917,-0.9015170366243476,-0.4112787362858533,0.14079756466335003,-0.7777079314953014
0.6638644349921101,-1.0805622867169886,0.26967992099364074,-0.5682749823202412,-0.3889869713679726,0.10790604230831705,-0.27889741653005307
0.6624197958583434,-1.100222334598281,0.23491934105966045,-0.4450449480259463,-0.41144757332191795,0.1675050997527915,-0.2348555548719316
0.2178020312769238,-1.2135008802937834,-0.26962670898617913,0.15392612029974773,-0.45700719227242714,-0.14198006066097485,-0.8109822056524477
0.11907401469851435,-0.830084007146814,-0.41833327132446885,-0.29635566701553295,-0.14867910747452825,-0.4246085744370337,-0.4794336138226343
0.2500872490617626,-0.2996873991540034,-0.47023669301758464,-0.7897340278089714,-0.062202888065281244,-0.225844951592033,-0.24477306967546078
0.43118328720273064,0.338697570292911,-0.29669914213888643,-1.2033879030699355,0.39815767155125376,-0.1433469165200809,0.46837720400279226
0.5004103409035613,0.8277956230364847,-0.10561174729768055,-0.8112683965410127,0.47003476349830514,0.025393510280283544,0.7880045382422403
0.006308516371525039,0.40363146818145074,-0.5002226145635398,-0.8608421963704083,0.19208679287724806,-0.13731618279020702,-0.09360180831309761
0.16983845095651193,0.20850105214498496,-0.3854485517825056,-0.9078229644274555,-0.024779103790126638,-0.14575341122959773,0.1916380613320742
-0.11378042454778081,-0.2728791710221762,-0.5855228250636189,-0.6788845960809138,-0.24499536039190467,-0.37452159117570166,-0.4375574135603872
-0.016908344910626934,-0.8144033375312439,-0.4597556391930294,-0.6679921496515705,-0.5963821655436085,-0.5434794723172873,-0.645116830519958
0.18359074447885437,-1.113081300384592,-0.19911283016406223,0.014594022481049476,-0.5586101548815708,-0.2526311844430592,-0.7410940860267623
0.7928803615347968,-0.982466222696145,0.25528153030970585,0.042083156992526745,-0.6775769514184651,-0.146306366554418,-0.0764789154074128
0.5948232545817057,-1.0954037954976628,0.09204894398826911,-0.03905025909833591,-0.6847261446643178,-0.31429295163854803,-0.3264812477608625
0.3071001383869077,-1.1404326350421665,-0.21519813089300882,-0.12207438291420296,-0.19555248961191354,-0.3179192616526309,-0.6975177403696244
0.15888019821193625,-0.9270407725159012,-0.42369997227121353,0.40774560276246147,-0.3310231064241054,-0.34680134015428626,-0.41494952777356664
0.15420773629043605,-0.31827756801465035,-0.43531719985110545,-0.032780732236701735,-0.0682440882619616,-0.31777843407926853,-0.2888351711597114
0.5713951815944199,0.5860683004939583,-0.11161468767316586,-0.16839351032909194,0.4711533088622307,-0.37959138381674945,0.8657254705800995
0.5684440426454588,0.9009741229963356,-0.060252604325482795,-1.3726779757250664,0.1603454300971364,-0.29023421752455625,0.6037816408101574
0.22662842048145085,0.6612885543100033,-0.38150832750765373,-0.6766983983603799,0.2955047536240843,-0.22940498980688637,0.13960146835274212
0.42337585176486586,0.618766988500906,-0.1967301789957863,-0.3395100537536834,0.15954345417583043,-0.13947208725888788,0.6657559884191478
-0.04987542817265883,-0.3313652102328539,-0.567515023327844,-1.097797336769526,-0.3029222922341328,-0.5101613252547152,-0.4829755833953234
-0.033055147747549855,-1.1124932752740073,-0.4330328710088417,-1.3043855270485483,-0.6462154719694984,-0.5161837750096853,-0.8503284276484896
0.44949853409564916,-1.0835044540237644,0.0003340849550816075,-0.5105623602227259,-0.595828169019022,-0.18832268726584664,-0.547095352574058
1.0802982517685076,-0.9214239076575115,0.5151296614621358,-0.24718870123795186,-0.6962387200609608,0.2093557409661467,0.11067875681347022
1.0312262468653584,-0.8735243621911993,0.5043123204262434,-0.6236365318446471,-0.5527958294521021,0.25932467758510125,0.12282265249126012
0.34273713331924904,-1.1075379386650244,-0.15784070372506578,0.2673835724231144,-0.6367975310515297,0.04403245381354748,-0.5206418998226037
0.30165202972917704,-0.6891111121458957,-0.3460745307952258,0.39731566241307525,-0.9322517918495166,-0.25020812178373486,-0.29464400125892076
0.3512804895190186,-0.13788657306604907,-0.32443906672510914,0.26517810361591565,-0.6287144579499455,-0.226602935295719,0.050080717381294576
0.7383504038541799,0.5845043170401135,-0.04428213167305913,-0.6857236906150841,-0.07716607038649083,0.06426813350949427,0.9814567963894443
1.019231798582274,1.3930470111083841,0.20154233960335155,0.15869036116966925,0.5545904616223188,0.6639202248616617,1.5611456565687787
0.3494729576872412,0.9293565433512898,-0.3653522140368796,0.03093162150913358,0.5076168324947701,0.16233382841917354,0.5784211386697038
0.39316605401696714,0.4018020567263005,-0.2421070146802489,-0.8514571771646278,-0.0529696126555081,-0.17719523797648823,0.4189717884203136
-0.020300314026288936,-0.41543238350778794,-0.48454703906787283,-0.3469872353796448,-0.5853602727830276,-0.19374247784657478,-0.3768379351714342
0.16400147044454078,-0.8976088906788636,-0.31546287094098974,-0.5069222660749197,-0.6776455414643664,-0.31058173088170266,-0.48068848304267286
0.7588927517769145,-0.8724830677245403,0.2628925664697271,0.01538199580245354,-0.7659209305391744,0.10502943202301662,-0.08414980951054976
0.9735434331550094,-0.8558774836121136,0.5016120941495786,0.02918651755003987,-0.9496736635084141,-0.0091196001621432,0.061536458970676514
0.9226006960063838,-0.7925136944389874,0.45061129403134864,0.5416625252283404,-0.7876745274045999,-0.40936398962054965,0.2110885342426679
0.3608539833374603,-0.9517480359297058,-0.12670256349370887,0.4717898474453059,-0.7008342531363392,-0.5168775579078677,-0.5244267473088486
0.2654457068304857,-0.7363246283165271,-0.26262835455514355,0.6458934093029517,-0.5977170333599928,-0.5920422041963436,-0.29579767134831125
0.13094229515111927,-0.2587318585526069,-0.3277037701192849,-0.3616932157367743,-0.3533676329157562,-0.5852762676937688,-0.293449851517272
0.5323734404508399,0.49880374068022393,-0.08121480972438445,0.1112320984097042,0.11422126230728696,-0.549390088411058,0.7640203442786038
0.7074695749857214,1.1379135327460872,0.061965342472075115,-0.6389120798743165,0.08275425971078008,-0.5974682077582494,0.9824485478697967
0.23320394297064223,0.7254465857331897,-0.32157624065238,0.15293258872058235,0.3529040697286113,-0.1697313765882789,0.31036488140860663
0.22847340656761428,0.5478997539062668,-0.19540342107549877,-0.8061230164014977,-0.2598108103065578,-0.7398324584653193,0.44437277021302546
-0.08077384830834099,-0.1104821528082124,-0.42730277822999724,-0.6740646831828497,-0.48930782773450215,-0.7154755012547952,-0.39562049381975023
0.1263743323468309,-0.5269060187944152,-0.15426919166382383,-0.49028489458760205,-0.8611713996663942,-0.5848475719925038,-0.3352450924750013
0.5179762697118548,-0.8503137043539849,0.15252401697117532,0.2796763844834357,-0.8979092834825374,-0.5394348215705691,-0.20237063393384253
1.1500604411381379,-0.578313297385669,0.7691570718147263,-0.4403834862849035,-1.083624746996026,-0.22363105929902638,0.26237625365520334
1.4050508689692665,-0.43678912884357785,0.9837036765149316,0.28103392547738165,-1.0396163183143587,-0.05395454333454711,0.68127993506059
0.511298694573078,-0.8440148937076262,0.03127548278462375,0.8311570715713892,-0.9432103707215724,-0.5161444261288928,-0.2496508677727075
0.3771269540048633,-0.7037300697562449,-0.15859534607984888,0.09769308941172201,-0.8052124745257919,-0.6792351820449524,-0.22248902110671503
0.45262185776617003,0.08579164538772194,-0.19350655844256048,-0.19166013562911832,-0.26246471746719535,-0.6372271453084272,0.25049547571709846
0.8514746009346781,0.9554419906180247,0.142689647838798,-0.2828145167857006,0.3364108017680681,-0.2641251996219052,1.261616469676073
1.02308440260257,1.4853853292547603,0.3014505163403828,-0.11035542099012385,0.44939443583942923,-0.1536128324194575,1.6615554339979766
0.542929890012288,0.9789874960876549,-0.06493977665009945,-0.01527616184946835,0.3934724438004658,-0.02650352149750118,0.8962673682097455
0.5484133559521516,0.7336809790352201,-0.004421889258508044,-0.00039674171235296165,-0.09241944136343616,-0.39292858341166276,0.9196443673894906
0.10393224406247122,-0.03385921409296184,-0.3312712604748187,-0.10375186195963632,-0.5377271239833523,-0.7234384721309506,-0.03205249705282901
0.40467050978389374,-0.4717909152003126,0.0967826033208806,0.11910540792821973,-0.9145291792201289,-0.641818538398788,0.024780934719230832
0.7673546755542411,-0.6948014801431086,0.38235840977983426,0.49466462731648037,-0.9434689024330466,-0.42382573880863655,0.04026440170841357
1.1831383144341374,-0.6879861057711325,0.7313469916347272,0.4561245952186366,-1.1018960799926227,-0.18625790652110627,0.46467331582106514
1.2387995303953427,-0.6231359197906969,0.753380744212516,0.8470450119106306,-1.0407559683077936,-0.3497690741635272,0.607627207774791
0.6693864036724864,-0.8165328868032542,0.10913886121742496,0.2977697936298778,-0.8811047222367503,-0.494742776965254,-0.20815922420692273
0.6785739380981468,-0.5913396869881872,-0.05430952871517427,1.683026892663587,-0.5482425056357397,-0.7017096059586168,0.3885310899213181
0.8110588392375172,0.1108848002803468,-0.08676886909295907,0.3223211580408929,-0.04353584326540869,-0.5825901888312528,0.6208033345851929
1.0846209270685716,0.8336268720497754,0.12447650171955414,-0.17995616232799994,0.15643579748076966,-0.3934608287992237,1.3244611298086397
1.2697624906769958,1.3584964523538683,0.3524330372475978,0.4424442649184459,0.4494155404689374,-0.1573323371512066,1.7788452264193055
0.46280498801757847,0.8138790287526664,-0.2402500898192739,0.10138671435581864,0.07654949863541259,-0.5605175377004166,0.49727967571593384
0.5523317233522316,0.574320048805418,-0.04297428135530246,-0.43428311673955294,-0.3101242470537559,-0.6529811945814872,0.7363727417855008
0.33017993923271605,-0.06726843244186528,-0.23810723285385035,0.34879106619098754,-0.5574388479438738,-0.6273630021918788,0.2173021608644711
0.4264812929220185,-0.45997936914223025,-0.033819929594011665,0.39658336111980985,-0.8813315970039619,-0.5577755420073008,0.10632719419559461
0.7480416193648652,-0.6913509161261396,0.3317332621104129,0.7707486385726469,-0.8837164201383718,-0.23647743338089713,0.14494478245096903
1.4305802829004919,-0.4171739995471216,0.9660581075780144,1.0439334219016827,-0.9628851615804552,0.027002672405321854,0.9602049789533105
1.29942707563944,-0.48484793111067354,0.8038238259131053,0.7179137426331883,-0.9517946787739733,-0.1801464040359217,0.7024103135399464
0.9206548222552186,-0.6866691745338873,0.3591745750478014,1.0878543696427203,-0.8674394746302858,-0.15956693938147237,0.17156015381146003
0.9386376990462355,-0.5652705737523015,0.1345449536741073,1.4476305690524702,-0.7839864933980679,-0.25685394065020645,0.5349459921432141
0.78952584667352,0.11384330161797214,-0.05885737965836429,0.39703516104050846,-0.5555605359176571,-0.2780774843534163,0.6204794973671192
1.2402969433307793,0.9970243496532728,0.29353454272359003,0.9301355139139007,-0.12963745550088732,-0.2413939724862269,1.6806820696904976
1.1464672209355373,1.1590109753421407,0.27823400524946956,0.06440335781412003,-0.08240529466186493,-0.33362567806999466,1.5496696751532666
0.5011064191926832,0.5411415486422646,-0.20591353451664665,-0.15231928281875598,-0.12639261871402413,-0.35594891944166696,0.39601982558928905
0.6746093790592999,0.611812774866709,0.16117981686720742,0.19329480912418134,-0.3149308264242144,-0.08424282657610101,1.002971731565263
0.3397503458420086,-0.23936990673431832,-0.19698079549698533,0.24325188945502244,-0.6929938832740976,-0.27296212985039825,0.27354863767877113
0.7172016814553162,-0.5767003118392757,0.33939051995756664,-0.09368593102503069,-0.7166891060542642,0.03740734488433497,0.31251030297834953
1.0744171765900197,-0.5864905215797264,0.7480278539148869,0.6091477294967859,-0.9022884941054583,0.4295147999936083,0.5893506447797158
1.5672550510973149,-0.30916522055445633,1.2093155157223205,0.7102545562998405,-1.0424074055667987,0.5778621515748562,1.2293339469992803
1.5594555958038527,-0.2824999151925616,1.145486996498795,0.8987471962005674,-1.0240041686357766,0.5155210984372661,1.2190723551515472
1.0064065997921205,-0.5707628916254631,0.6086850233913227,0.7362405460514592,-1.0821632514025932,0.2230657194317253,0.45016136048610567
0.756331707916007,-0.6559387372443107,0.12721257424119511,0.8854544288655284,-0.7440196012671925,-0.23222982524903876,0.4020310539497959
0.5181530561225234,-0.22807084089414068,-0.11449667270503316,0.11446964096939805,-0.642516885648212,-0.20204509169378082,0.28047065821511147
0.9878391337366998,0.6187424874546312,0.3162974528890871,0.23875102010285493,-0.20978756221509542,-0.05301638317670645,1.4058454706759667
1.1844540480236514,1.3845390227896237,0.565245351182416,0.025178131523750858,0.2607243241948132,0.2419697501619066,1.8749641607090208
0.4696598738100863,0.5468339583933336,-0.007197215303571692,-0.2324720147215619,0.2662168040242848,0.0668920825602323,0.5469886886903559
0.6839929221412699,0.6812303642234503,0.318511304131665,0.43967993459796567,-0.09617078925849264,0.028814791915500293,1.255402843054271
0.4503950479825003,-0.03891868014861084,0.07517429972855119,0.3944249994133473,-0.7291566659361458,-0.09443418670134442,0.44143799542422646
0.6582210166688206,-0.592570864563472,0.34579008709426895,-0.17436968842704292,-1.016633376780089,-0.10327318792356341,0.3075717854027141
1.0146290609881439,-0.7037709048333687,0.7483187433301917,1.4646811982871568,-1.092942440923831,0.09427061961687139,0.5276596547365395
1.687831887560527,-0.3851123387433064,1.4132194582640774,1.1002049949630364,-1.1827109825363342,0.6103767530717725,1.2703600745640826
1.5120464898963408,-0.307615529377605,1.2385695566506603,1.8084431246784176,-1.1117624942876374,0.3032877323988933,1.267971775080785
0.9450658509855115,-0.7029991218757274,0.42144094088880457,1.9365937097678052,-1.0820524520976758,-0.22563163923826338,0.35151244793018743
0.749593495329618,-0.5014616822385245,0.12008091702303861,1.4453587220578685,-0.7492641016999434,-0.40612495543321364,0.5755470833592935
0.5958896232209491,-0.2896644294739475,-0.059208496909500176,0.3522748504136226,-0.47897183543293326,-0.607201878270065,0.3585356675971759
0.9871349588047164,0.7162566516264598,0.2770307472086389,0.7620552372549518,-0.042285393967056134,-0.6609897273196128,1.618687482255377
1.5225732323508894,1.3423706803976483,0.7353335353465033,0.18622446155003447,0.4587174059246113,-0.2689982478589908,2.019537238753114
0.9975287765181972,0.9507847500720462,0.26299729838921176,0.3991956639788231,0.31142292043053227,-0.5182734076791368,1.3287722127742558
0.9014088691778996,0.42973937474060375,0.36647996157399815,0.31473691482235056,-0.17717563346777646,-0.6382274352780457,1.1497509506574923
0.42567687106655616,-0.09728425588177414,0.14302293273511044,-0.4032909269187757,-0.5539460317602911,-0.5909362935467033,0.333053726499945
0.8370998561489416,-0.2834758735358225,0.6649500128535051,0.9714120403181534,-0.7968866981848652,-0.1824638460152241,0.807515730631225
1.2624290292172555,-0.5289763572045958,0.8897742400978567,1.27036440774994,-0.960009655809983,0.11444209850731482,0.8748333923384434
1.4862440035785547,-0.41616128963444965,1.1337892370549476,0.7059099968728402,-1.0280140482423066,-0.010364267391420516,1.1601744611142621
1.6826336098469006,-0.12601989965384944,1.3033355243033646,1.3499304421253933,-0.6966291557068598,0.28828545384834164,1.6178171697318018
1.0569394953639888,-0.6366849983804007,0.5182271009987662,1.3046241173763364,-0.7339685214639824,0.11660421595717341,0.6552110390056005
1.013815959997528,-0.5409206172633308,0.19712261070833093,0.6137021296452458,-0.49828257143280147,-0.23197509302075087,0.7880652577206289
0.9771025193092894,0.11004155593773865,0.13035073354812152,-0.509183406910263,-0.07129370722587511,-0.30771133357757996,0.937333975426805
1.4227923027051852,1.4980176603630335,0.6098905855343825,-0.21037878447624103,0.7310937543555422,0.7158172566394462,2.5364219184521413
1.514030749889558,1.6375164090797798,0.7981617390606457,0.058322259355438257,0.7584822872996181,0.8985327491023065,2.5029654858598276
0.7495471289431627,0.8871024472973534,0.10619149553928775,-0.17897976060365126,0.45316688836399266,0.09355612678142931,1.0701072348373155
0.9083905052931802,0.7588170107588245,0.35428529804709125,0.1021982412275937,0.10985260399911985,0.11949946518600711,1.5647685854459858
0.43496436116955,-0.13845826414578336,0.03830668114561033,0.538476372233083,-0.42569319823985363,0.08413517632222763,0.531059945526321
0.7980478254061685,-0.7199252613435762,0.3512840582695719,0.42287768825806654,-0.8798595490957751,-0.03140556364674951,0.5635246266382821
1.113743561202396,-0.8791902291421375,0.7311447333518184,0.49379528718471066,-0.9148193678758647,0.192431580237943,0.522619938030256
1.6456712702022243,-0.5653869537221046,1.1489513887527885,0.5903006067385653,-0.8790048116006989,0.029231061654409897,1.2368834021456399
1.7591894068199048,-0.4202039622697134,1.3293573985538492,1.1373917685306403,-0.9083507989316465,0.4145767222485603,1.426368654371433
0.9203830896009291,-0.7776129747964833,0.4411753949419719,0.7693546966372231,-0.9337502205445882,-0.34955161982230576,0.263023928091353
0.7343444296133602,-0.46125342354849497,0.27087776090317117,1.4200236667891497,-0.622984551038509,-0.4809333908008312,0.6143063503975755
0.5888509028610379,-0.35533335875071603,0.05024711142903131,0.6644321946745322,-0.36690625274517225,-0.5157550793084202,0.39747709307062395
1.0240505825675623,0.5006678619509292,0.4211710676786765,-0.350494573152647,0.08891681152713157,-0.4817576463037468,1.2728293333519003
1.112526035813339,1.2508898988708732,0.6228867554589774,0.4717834237497516,0.23510858012941388,-0.4406194269321072,1.8025258229909962
0.5046987074076162,0.7502293940396729,0.09062847194642658,0.11161966137485192,0.0713524836190545,-0.4878401548767685,0.660007877798327
0.7275512880038204,0.7829056227542024,0.38001392292301867,0.27807046059469837,-0.2323589634739578,-0.26592696416345407,1.3284281357300518
0.4534139307850387,0.012253796749180524,0.2026573295824406,0.33456258053677584,-0.7856168260275648,-0.28995877535900905,0.5663582022964317
0.7429074740526056,-0.5380642036185156,0.45158858248270045,0.6668046795661605,-0.9257357374889051,-0.2809748045759759,0.5850800414663614
1.148034998939866,-0.579062621050893,0.9172766326906888,0.8842039494641614,-1.084437275232086,-0.2542693404802605,0.7017828789299272
1.693479616326778,-0.25838067688934147,1.4830938160573088,1.2283041904879817,-1.0814140370550573,-0.06430951196413819,1.4246077894981524
1.6372715566016995,-0.30477544976363846,1.385954458022077,1.248151268520922,-1.045351501383172,-0.0645953090983152,1.3817195979294226
1.188318767883624,-0.6795230360372081,0.7812129585661884,1.06065001896751,-0.9782176749180558,-0.25674831997018466,0.5953011536618328
1.0231464380316835,-0.46778703588831694,0.4429990709095738,0.568524278807287,-0.6178244691237904,-0.2904972337277479,0.7903928377255389
0.9384753584444129,0.0789048096307793,0.29260541699094555,0.5254812361254235,-0.3192519993159886,-0.4731568093600084,1.0073435340092678
1.383061551943597,1.028863459286763,0.6912031351822117,-0.6197501960339017,0.28549060692251305,-0.28957564151971427,1.9772360021421427
1.6380734737403062,1.6855935871315813,0.9307626687133528,0.1919929401583779,1.0125028842159198,0.1976836203268717,2.481693428597566
0.9394136952778401,1.2767732125058455,0.33392863864239475,0.4885749639303883,0.7143947162572956,0.13610883486787165,1.5007702552240298
0.8899248006411979,0.6593897232237432,0.4047063022590539,-0.06410053053078577,0.16254031156597418,-0.057595350304711176,1.452903066427405
0.4897552753970518,-0.26839547955397325,0.14550788604233897,0.5425811136926983,-0.37172866058776227,-0.1819274586402113,0.5283275689988183
0.7563616480198243,-0.7356161397284278,0.4497776698450188,-0.0011354667011726782,-0.6885144256610137,-0.29620282144265253,0.4556261135411111
1.1418802106332961,-1.0343818979975916,0.7451050932557013,0.39330513515493415,-0.7771802503817207,0.06677610691158126,0.5136334552286916
1.7169671035278635,-0.5604602016671083,1.3833044053169734,0.8387605858765984,-0.8250402739486078,0.16215779395247018,1.3186927793616898
1.8038256746690835,-0.4561347466310168,1.4869229407119717,1.0333857138004532,-0.8726575942761521,0.20392145342933726,1.5194111350894381
1.2002426763501295,-0.911498942162552,0.6674894826158891,1.1111766669708893,-0.5934538981993661,-0.19265313514674176,0.5606303315017414
1.0188157825872168,-0.6570249502958059,0.43855106439629277,0.8058626997078483,-0.436234960679126,-0.25401875023942433,0.825367257277576
1.0509865988858773,-0.24774926456013882,0.31462917116148736,0.35636246201842126,-0.35907643519768445,-0.4391490213867054,0.8699960738934561
1.5671068650581916,0.793579911914385,0.7868125833018674,0.7000708576133915,0.2976943589355446,-0.10892700079532018,2.1375354250889798
1.6836112649100492,1.6351398075911714,0.9943939847146169,0.1596089496340272,0.7140042806113974,0.4563010328446347,2.6019179958076917
1.1259100777085835,1.2987874025833301,0.5438272547201256,0.9409508759965846,0.4716545438130477,-0.09707470370189009,1.8157424294536588
0.8837309271018245,0.4613089728650781,0.46747330063945003,0.6903732185572687,-0.13497165060904784,-0.13069521584844648,1.4533888222545166
0.5091472592920132,-0.2650449614759587,0.21259515988701258,0.9638021023173899,-0.4559255800101395,-0.1624414786730468,0.6689336411215038
0.9780091103127952,-0.6164879692349294,0.7267639507665908,1.1049028576455548,-0.8736653403351615,-0.042462599149426745,0.9239352105289764
1.2856334834135836,-0.7989370520705739,0.9739985186426869,1.4300275020000566,-0.8889345397842378,0.0527223434875006,0.8977448755172084
1.7334514606480886,-0.5922115158847819,1.4242985453131451,1.5603899795922012,-0.9487767167543214,0.14882059435755723,1.4445440182358589
1.6551437016079775,-0.6064445820163102,1.3001191651632233,1.8787226365132668,-0.8621738695680267,0.05566522557203002,1.3835209424549615
1.2607325786655903,-0.8020691024859753,0.8418564265113694,1.7567323754610764,-0.8789414977121747,-0.1884345209270463,0.7497715066833293
1.0555525229671447,-0.6487864734860631,0.5182770371779766,1.678780829901769,-0.6006769576484974,-0.33729962093977334,0.9313025072401689
1.0928855024573156,-0.18822397263665733,0.373761413365529,1.29199941437901,-0.2441247944246974,-0.4101323282928654,1.1075509131771704
1.6714692130801327,0.9243971232345942,0.9301910279325498,0.7518437025544316,0.7290202245063758,-0.10606281647237521,2.3580078511192686
1.660040714308103,1.4024288700775964,0.9465779426253561,0.7101689070257745,0.32821692936156655,0.12730296954526701,2.4533171923637944
0.9795329101490662,0.7513707344452849,0.3234769656123189,0.8825380710835812,0.22002404618853408,-0.3043791046725776,1.2663525889904121
1.1793363872432585,0.6754195327487239,0.5882107709874284,1.3486863864195884,-0.1413241440909718,-0.27943812723134454,1.8351321828858638
0.5798950256199654,-0.3064803142335601,0.19866561909597086,0.20394529635428765,-0.656804719825164,-0.3952149604850764,0.5960297874025002
0.9007364983250679,-0.7194536162027962,0.5547500957095788,1.0448027620334486,-0.8412328009386613,-0.4347315917693219,0.7997233975713083
1.4911873826651347,-0.695955071071858,1.2335459574721477,1.8790224089724965,-0.7975198370701068,0.0656308473811485,1.119674569028831
1.8945258989755072,-0.3846141508023952,1.7725970974254495,0.9544898849945648,-0.8997242816202299,0.2645187298497042,1.6522653538044678
1.9598059266554841,-0.3672735353017388,1.8098374638919639,1.9349942095746222,-0.7902229114176973,0.4368875376578773,1.8073024219575937
1.44372055177147,-0.9238699287772322,1.0456731622748363,0.37918799355700755,-0.9162597588397894,0.23106182620749552,0.8345561383404377
1.1978880095083329,-0.9121665956735274,0.5734037442821757,0.19360742897452163,-0.7046383626051658,-0.057228784415223374,0.8507479992441588
1.055127827836935,-0.4320012160508027,0.4298136573885985,0.7879984023695364,-0.513277410698273,-0.39799423406525875,0.9369696585564719
1.684084539897423,0.9215999204516085,1.0161146028174017,0.7294100164446972,0.10384306074670202,0.2520037147639804,2.452973115319589
1.3815013463390666,0.5926897082495955,0.7446029386124119,0.8015074341215953,-0.08095435138318642,-0.5084009805876847,1.8148721169300837
1.0092875484198771,0.550037470193702,0.4468248301785566,0.4585163511969278,0.2690553766931168,-0.5667491578217044,1.1091903390936713
1.1051513921485439,0.5132675249975032,0.6059666575462023,0.7384224613082907,-0.20666407704790338,-0.7395735842495795,1.6214805782612718
0.49598176850478476,-0.39605613941250634,0.3145085898115206,0.4015852787252642,-0.8204447408732292,-0.6567462611752064,0.45512011788787027
0.9661265587990329,-0.7119317949965764,0.7719425917666203,1.0950232138820437,-1.0071257411867112,-0.6927774100187316,0.7378300092668357
1.362648400811263,-0.6617414017036145,1.2417592021692057,1.7177812268477177,-1.1480624570414883,-0.5125243290959878,0.9978915352067211
1.9362687528618778,-0.2373546956782551,1.8863631503920835,0.8889874614207478,-1.2192061631131348,-0.3841910608820138,1.6793057615136817
1.9975940656227447,-0.25174906036442307,1.8492425693129473,2.034921217627415,-1.1924349405821697,-0.23699725280610254,1.8681028596510656
1.1900079955308658,-0.8430675199183523,0.7920476432079471,1.672890301077878,-1.091686715468102,-0.6418247513799655,0.7065594778965246
1.1821590283925705,-0.47113959572018677,0.645587315221741,1.4210578817734951,-0.955171419495262,-0.6140258025969655,1.1030374319502578
1.0859921139242972,-0.22379336656541407,0.47231512709850504,1.4702205650873739,-0.7464624621327497,-0.6323043932219196,0.9871239477057472
1.515972546194677,0.5059478374230475,0.851087469966236,0.6984478038698414,-0.3454111875912203,-0.6737118417779284,1.9526041337423576
1.621272124314691,1.2245247313258392,1.0919408476664343,0.8515801409724257,-0.22558965355925006,-0.5126920795877872,2.2512022886331
1.1687987521828462,1.4107898521187108,0.668814117969275,1.0422182951885086,0.11564054864170355,-0.11924883352529653,1.809812160397671
1.0551945814536159,0.5172714043094994,0.6302846132879516,0.5650897429172421,-0.31549537526355526,-0.5928395367808221,1.5362304306031784
0.6777773216393989,-0.13312316131954863,0.38811398732575386,0.8141942328426206,-0.999127086603159,-0.6118119103039589,0.7627857148846955
0.9964194781970216,-0.6423651576083328,0.7661779793471141,1.1519714162085202,-1.3732910631514292,-0.6489427568159465,0.8613131884838364
1.494146443509269,-0.6517817263930995,1.2207441001688364,0.9345293216734853,-1.3121509514665999,-0.5155438379483767,1.0160871388972774
1.8859934936308298,-0.43728119152292055,1.6462566928131364,0.8982568541065391,-1.3435810209614676,-0.5591113329605181,1.5054254152338498
2.03187315452362,0.04428687299900923,2.0452186546561135,1.1005839930007777,-1.2386804599916905,-0.3829153287468482,1.9680673609054111
1.3800440088733306,-0.5805265585657834,1.117953701007588,1.1673968504678065,-1.1664023800839864,-0.6085376692232821,0.906670638840384
1.1600677752157742,-0.5050919205948375,0.7998689531337819,0.9002824594381995,-0.9802701001377139,-0.6512001399771974,0.9369291789042123
1.072160950945597,-0.0831349016583492,0.5413504565383614,0.412661871093848,-0.4283840385021303,-0.8191287372370019,1.0223614849974691
1.599827262834497,1.06963115853339,0.9908289660323826,0.11017861233869211,0.3529146220433651,-0.708465187492562,2.2010884791360836
1.7756908892135188,1.753063343309514,1.2241451226294136,0.4377656733225903,0.3768894811645131,-0.6829981776449456,2.4932301294914656
1.3127876430953103,1.2816917975454172,0.6949999186201369,0.19569941249358705,0.3732383802596205,-0.7373389820193137,1.6080615735373094
1.1212833996812461,0.8222440943014929,0.6883564657535943,-0.18958099950116541,-0.28576950460146294,-0.82788696970391,1.4940911126012453
0.7314508409028645,-0.10433034843949988,0.4263197307333105,-0.162590772011121,-0.7732653416079768,-0.7830685944813138,0.6138610742227234
0.9845727499592261,-0.6076022564527727,0.696943812867052,0.13325038554022153,-1.1688821740511828,-0.7909404416335291,0.5825703030262831
1.4638875416611414,-0.5514274826073058,1.365332100719776,0.23733352461706222,-1.1955584257493614,-0.5882729956151724,0.730968708208884
1.969954689861655,-0.3365696408122925,1.7813455641238416,0.13455011327416896,-1.2598958888046607,-0.7024800156246583,1.2706434321298978
1.8340098427561282,-0.3904719426158158,1.58705225540593,-0.254068479177302,-1.3310606995058152,-0.7443203018693839,1.076179182676211
1.2234944871698101,-0.8472224890157068,0.8758444758787199,-1.576576778798416,-1.2534695291194586,-0.6934919028541733,0.09837294252664233
0.9333034676316208,-0.4898971883970414,0.6034187813017474,0.5026664107460957,-1.014660093921086,-0.8122944579414717,0.6017374183710626
0.9462208749516212,-0.013370214146054783,0.48470721727576893,-0.6788910197764682,-0.6316849345532038,-0.7898138210466294,0.6084368008199763
1.4129804530407952,1.0707561649081527,0.9574253905970366,-1.6331352769278935,0.1262825580711392,-0.6953164483267072,1.7054556168731938
1.4879370174256947,1.7451147955473505,1.1123501802445044,-1.1526192958673191,0.33300768025989463,-0.5093080758396368,2.0455251755035855
0.5368383021194162,0.9326417253059058,0.3568107895892882,-1.0723445137489658,0.08988234832712495,-0.7734943904863939,0.4924423572709466
0.40248307647917386,0.6034007489791897,0.4924814397306022,-1.391499403701068,-0.2645487996311155,-0.7976546032929559,0.5813761532846331
0.06494195750266706,-0.27306497062308915,0.19831448788057837,-1.3425422786449475,-0.7135920016739572,-0.8554912450766738,-0.2750518495654194
0.2539523766663396,-0.7554313609027901,0.5022970269387516,-1.2462703533629225,-1.2158346985492234,-0.8154133744927046,-0.4034533065319252
0.7527330122858611,-0.7076175690984383,1.0099308113633503,-0.642532902935456,-1.3067587186272922,-0.799247197468187,-0.07400965661959509
1.061852002359084,-0.44088284532524713,1.3574171464936666,-0.871631863670871,-1.2394349504966036,-0.7961407068793096,0.30872545549210456
1.2131303183140012,-0.2810441446930953,1.4786155908941927,-0.5081277796073987,-1.1993203259591718,-0.7657902938259782,0.5383260431068676
0.4573968383310896,-0.6126943905701205,0.7270480954462807,-0.20746670915799612,-0.9981404451736577,-0.8470457326623795,-0.2969513414377017
0.5318506536186328,-0.42653339922391525,0.4427320603719119,-0.5147827282023266,-0.9646368458296236,-0.8881446031532263,0.0006753017988170251
0.4425546434809002,-0.20380255455941726,0.2974246073911362,-0.3321977469802995,-0.8694866236925671,-0.940743701804097,-0.099147520672622
1.3351852872177785,1.2576011437961836,1.0497157305814078,-0.9177047494228227,0.09691546611068343,-0.904331490115003,1.5752730552072747
1.490566678878617,1.9086409036437884,1.1956404176386022,-1.237191530311927,0.3763038276956659,-0.6745940851051696,1.8614641966805408
0.879374933242651,1.237234649080647,0.6199997153664635,-1.0134499316693386,0.41493057585277865,-0.8845949199070026,0.7933680921665974
0.6721858033793412,0.547070801840652,0.5143309758441458,-0.25765290129696367,-0.6315424783040245,-0.8926428015259207,0.7448734687599534
0.10985339471065879,-0.373988863734761,0.1740581843287662,-0.4852851182139997,-1.1047715857630949,-0.91033530092644,-0.23866064218430688
0.6212958400323848,-0.5261791544216101,0.734531260914739,-0.7579581471304884,-1.1414092225890746,-0.8306745272589959,0.06825608124572166
1.2860920213459661,-0.46035096834405714,1.4023436768171127,0.021212570134495776,-1.0535664784191816,-0.7057376887555277,0.5089580553927424
1.7287129441006581,-0.10036322069691486,1.876653063137495,-0.331529682642585,-1.2928454916241083,-0.6649743192482795,1.0568501487223947
1.7176965003760967,0.008049825559277026,1.864905144086342,0.6745131142320986,-1.379221464043192,-0.7631787707375953,1.1824989893352675
0.8435347649988071,-0.4849010167109347,0.9874055030125243,0.6342365431025675,-1.4027900590463103,-0.8529459937875203,0.19319652794405728
0.33123640550299216,-0.42886099861997623,0.45502549308102036,-0.5213456038276304,-0.9733952670754658,-0.9252464557530512,-0.10214301493981084
0.4539283297282388,0.20072605346059802,0.4283389342124628,-0.6011964220393564,-0.6143052721533224,-0.9329360554573854,0.23869565708351254
1.37919193914837,1.7131756399749067,1.211865682104748,-0.26344707468752826,0.2749435683258641,-0.7774976213585939,1.9296724107374645
1.4794597158518557,2.0696372787124018,1.2223781415408919,-0.30884118994250304,0.09718982629428823,-0.788105251222747,1.964302753245293
0.5051645847428793,1.1789487017478752,0.5277222364618047,-0.9962044503361511,0.11039604820895225,-0.8723864118927147,0.4503030392690133
0.4579943006751501,0.7258631035198526,0.6056893413876628,-0.08474414681254236,-0.5827116417797672,-0.864653321320136,0.6545431247433217
0.09278479782140488,-0.1020068325511512,0.37794326116075966,-0.8038897115802277,-1.112437842431895,-0.8949478175428678,-0.2776627871361436
0.47729599826482866,-0.42384236764145156,0.6743696994417462,-0.7134804791080195,-1.4907488786784975,-0.9051412486618371,-0.13580184579342067
1.0920291805386224,-0.44438649494247684,1.2901763077265163,-0.2194811610776027,-1.280694501184847,-0.8695263695572216,0.2614249818271104
1.6725598133987296,0.031711710998710285,2.0018749448139674,-0.40728646555395026,-1.384381545957911,-0.8200896783258279,0.8901144610663299
1.5644663109994066,0.034300654888363945,1.8317701990423458,0.4895235296406657,-1.127089731467861,-0.8728461724998685,0.9726119923707865
0.666179492358041,-0.4478574764980059,0.8741015691674244,0.0346509412354494,-1.0041077791670596,-0.8997877298803386,-0.07913033263039766
0.2537653383913297,-0.26650889899085,0.46588707287970316,-0.006244445899209939,-0.7898166472996673,-0.9482531250542766,-0.1483100583415449
0.10500140866471754,0.32032791084873335,0.40170247909418644,0.27815825110061637,-0.4662404676822003,-0.9683355512145055,0.0055328600699322975
0.49281044746939096,1.3616346280308391,0.8435079092390833,-1.0167752647349504,0.07685023960590213,-0.9304405080176541,0.8666362627559342
0.3138063721464584,1.7991865629209371,0.8964016619985904,-0.2916813578833815,0.004413874976887627,-0.9098051265326049,0.911325798850204
-0.14201673840986784,1.277465367063095,0.4755352007307241,-0.2779218020046812,-0.2967755688899123,-0.9519187839491519,0.1600234529175591
-0.45605673986565204,0.516109646365325,0.47136196888140336,-0.7749059972362963,-0.7692396335293158,-1.0094903385359524,-0.300169473792316
-0.8158199397877725,0.15943566522678526,0.27778452377955376,-0.9141545870127846,-1.1204048400711852,-1.007168754569198,-0.8400465959746262
-0.16831638189900622,-0.0023447433226066964,0.8543604820926901,-0.2959017258629842,-1.2658051850669156,-0.9819191990628032,-0.35455388660268844
0.33422255223871217,-0.013531512700694014,1.1938108766835087,-0.08595180157687153,-1.2882130254470907,-0.9378712335062487,-0.0952412342295997
1.204789145188837,0.39771242375234445,1.9452766425269608,-0.28365602090339903,-1.365223818521976,-0.9144959273218097,0.7139672542599765
0.9910755774103581,0.273251192186467,1.680792168941505,0.11931953111338549,-1.162587718300406,-0.9532400779462877,0.6391608568847871
0.20813114474723468,-0.13838067749924796,0.8273710105844705,-0.3762257563139219,-1.3160236509813275,-0.978452355565616,-0.4211429145692395
0.05064392695180668,0.053291007504825176,0.5071133267379644,0.4941721439906038,-1.2592152645030261,-0.9842180020985724,-0.18751460155467795
0.2571358717906395,0.5979431409215826,0.4278558547427752,0.08246678971464075,-0.8318095838633156,-0.9784689235154234,0.1311412210305467
0.4553068559868465,1.2841071923572946,0.8280721838032923,-0.23799211043511592,-0.6335526942646662,-0.9764103557518606,0.6476008643808511
0.5640179167143102,2.049515794459609,1.028211935480468,0.0651956135992341,0.1645769083135011,-0.8844934412144326,1.2551397253145848
0.09210590305490134,1.4132440402538564,0.4802643356444143,-0.28727684396453834,0.19414449425428315,-0.9339342744332781,0.20078646274267642
0.2918282389727979,1.3192274004376887,0.6990947551366593,-0.969636045520882,-0.2754968261884182,-0.9604885559870014,0.6399502101038432
-0.28802390686541013,0.18881037795584948,0.33510293481642445,-0.6905393210494439,-0.7897427810963891,-0.9595690347726937,-0.46028673830398503
-0.059352344769061115,-0.25014424183345446,0.6538059640858442,-0.25497850271425354,-1.3311978795976176,-0.918466022294395,-0.3660905874965894
0.5396766123113879,-0.26964707466782034,1.1379049222055764,-0.05935556074753107,-1.5846486515172018,-0.9131580653748667,-0.15976579993092682
1.013240049868277,0.10483712535830005,1.6688674624102617,0.42910224925081664,-1.611472635621937,-0.8684473818260181,0.5490126713033214
0.9466370074451349,0.10697892515344756,1.53537090727489,0.02079074745972052,-1.466135604514731,-0.9127045177488904,0.4851560198642719
0.40758891266603553,-0.22053064390321606,0.9161281703901317,1.0711656085909622,-1.352845953315503,-0.9294774959351021,-0.1496661266922305
0.053583649051841827,-0.01678606834746744,0.5528419220293362,0.9140719925628251,-1.4201961022330767,-0.947002244843822,-0.14916013103898967
0.03115851129318362,0.9023033047567185,0.547454218841671,0.8447945772345479,-0.9088045484660697,-0.9629571805082959,0.2818469663919285
0.6941164051819617,2.135353168327864,1.084821213672636,0.3121481655137044,-0.5869958815699013,-0.9019954091921674,1.3584437978803243
1.0577185788047427,2.71378816104921,1.4231769642052565,0.28429288035559636,-0.16612735992031077,-0.41606158333016924,2.037651883139151
0.6219087384221874,1.7686827603093978,0.6844068993915249,-0.650483296800631,0.044491566412680116,-0.8307697929703881,0.8340501426871958
0.3949996815034332,1.3943271907762178,0.7887750919019378,-1.3677103178292387,-0.3781497441155873,-0.8222497247819605,0.7566328077412809
-0.448212083170319,0.1770090406670479,0.31129938037041593,-0.4868375113064466,-1.2074297798476412,-0.9711955935499985,-0.4504097031527154
-0.1001653662094686,-0.1322268313766793,0.6896056661964394,-0.8042986868638924,-1.1717101944052617,-0.9412966571289174,-0.32725036115378836
0.4999407356176277,-0.2646774457818436,1.1521139994718503,-0.4892785156173261,-1.3266603842533862,-0.9346674062122531,-0.12100653289264476
0.926046254412923,0.012319132872579045,1.5422092732257213,-0.12133351669353311,-1.461883021668858,-0.9420194339392628,0.49810950858724945
0.9001156197908635,0.11858017056434222,1.5221162589730066,0.14282169191709265,-1.4368634833870615,-0.9359555643097743,0.5105772414831141
0.19742144146372081,-0.13412770421679604,0.9013506920504303,0.6654685508907277,-1.1446804401628228,-0.9428312634798227,-0.20459701480810327
-0.2568997127172903,0.07723261322255644,0.5471521300931098,0.681923917670659,-0.9885536672196247,-1.002254286457594,-0.13669239814312498
-0.04366081790768486,0.9852230123644717,0.5886728342519384,0.004076291625743288,-0.5162689919310395,-0.966477869842357,0.29949609477698336
0.14649186864089853,1.641940889686152,0.874404076843664,-0.10530425505208317,-0.3786509790664037,-0.9294236500982282,0.9030072303109175
0.3489358997938766,2.531771930031077,1.1885979082303113,-0.018220355645486786,0.9163027067608367,-0.8410377798634906,1.5029966360982916
0.08232387699586978,2.1442266305868833,0.8275209029076377,-0.18301812387585972,0.92684446920011,-0.4412055181565422,0.807880047501557
-0.42780149500407066,1.4626013979734915,0.6839391107820826,-0.42709714264541676,0.282562339578271,-0.968803595796563,0.4757242608878556
-1.0308293781686035,0.27142790599288563,0.26310768583234817,-0.14250815847449796,-0.28795910991292323,-0.9734778286359606,-0.7337065494894406
-0.523142435402072,-0.03437169431086696,0.6542732220535612,0.10474416589920399,-0.4277614519316425,-0.9528320921822818,-0.45862707256135377
0.17128681804094914,0.05088582146222836,1.2170881043592103,0.814487581606296,-0.7283494138574633,-0.9529853457179998,-0.02272193720705964
0.6142179761904414,0.39350845256244044,1.748309374297792,0.9261913648431626,-0.6925084767954125,-0.9091651894712962,0.6366308786185807
0.44678010081740266,0.3629107292735166,1.6325059084622706,0.6610490483489257,-0.5901351952092247,-0.9286677373882681,0.457508417371169
-0.0894010833981806,0.05380757123044213,1.045288097917531,0.1976522159422883,-0.6027452113402866,-0.9383289231196766,-0.2762864789593277
-0.7281003867895215,0.2293432755090136,0.5149283108558627,-0.41262455656011593,0.2590676107784312,-0.97440149183772,-0.4539719125515337
-1.0056346060592194,0.763935687676303,0.35530259409168524,-0.8068510352310589,0.5448770558912375,-0.9653408942868278,-0.527988956707667
-0.930516633060164,1.456147414034062,0.687047651902179,-0.2953000397126707,0.7200771377523388,-0.9769488141205994,0.12021171492053476
-0.24709735767726165,2.4842256079818865,1.0805268000103425,-0.09150401576819907,0.6770975597591898,-0.9063589929726771,1.0250736216988428
-0.9141388137801743,1.5870075021852517,0.5373546824534153,0.5393649834515214,0.6423276826446719,-0.9087178548264979,0.029132497337105292
-1.5336840813778974,0.9827259473983455,0.4062445907281884,0.053564442181072994,0.060937348956830444,-0.9591548360275102,-0.45176577150340214
-1.6030532049487831,0.42645010927827537,0.24648199632737292,-0.4216220128007488,-0.14509659661553612,-0.94912915540034,-1.0044951832780404
-1.2559327089816854,0.18542310830842335,0.5799539298833533,-0.4579694234825005,-0.34046215197158197,-0.9476421819051307,-0.8520488128695084
-0.19531350165876799,0.2565925224737795,1.2926413759332986,-0.062261212370219754,-0.6130126135959542,-0.9347543879487418,-0.15003044356256365
0.44643631386657506,0.6362770695716262,1.909021161067024,-0.11084790431600432,-0.61492785872381,-0.8966460323981206,0.5423942481589256
0.42348594280808266,0.6807035917285527,1.8785514478743297,0.7436320784033547,-0.7168421146181969,-0.8977478010603092,0.6958121302216798
-0.24985406069910213,0.14857557646568917,1.0644165870488147,0.4315753720394716,-0.4883370147771316,-0.9394990345748203,-0.28100235844753646
-0.6961710135459592,0.10253606876236944,0.5251126102776215,0.5573898731787085,-0.18879373201195956,-0.9845845679880599,-0.47036617171655104
-1.0700996687732458,0.5808005755449779,0.30343749031684536,0.08821599723632124,0.09251515085825437,-0.9610249433620142,-0.5315511661064865
-0.08171999053848424,2.02396937021091,0.9782473529736194,-0.32588111301793304,0.9014819806888072,-0.9385380934859944,1.0916221700131343
-0.1688470906263865,2.1231251044831176,0.9646269808088958,0.061332831338857724,0.6964030196016806,-0.9323002603835285,0.9106174049356658
-1.078972074868852,0.9516504537070724,0.22031353928237812,-0.4897667164795024,0.37929013277105433,-0.9638704887414259,-0.7182230825002567
-1.0239665704809224,1.3256691338539803,0.6162929455222712,0.27923743195384765,0.19550574285755276,-0.9818777791882848,0.0705634214245014
-1.3012206692073243,0.11793497634578483,0.2810424126168345,0.26860193334670396,-0.20132460578236597,-1.0191018204179387,-0.987250851415576
-0.9146649790676752,0.03532765707802987,0.6724954728676723,0.4205501692353262,-0.4905846578197392,-0.9552655098102357,-0.5647040013068544
-0.4546787960993366,0.07232832045997824,1.163144686409861,0.8715771052349828,-0.4436163048495675,-0.943330372967769,-0.3325936752520164
0.19277519169536733,0.5449351273070725,1.8042004987359255,0.9109864774645964,-0.7327866622115315,-0.9594799820424793,0.38681070470029816
-0.039327832494050745,0.4476557648287068,1.5291083713816416,0.34781680569848705,-0.5844897068158206,-0.9691950136107617,0.24432232874755475
-0.691118824899204,0.09238855209708492,0.8471857172164745,0.3129318563714121,-0.590346241504305,-0.97293522827977,-0.595509016676183
-0.9592746852683324,0.31996447866233063,0.6059862214687622,0.43625396363532526,-0.3412694040502648,-0.9901389731609725,-0.492326383067222
-0.905601923244847,0.985837580275186,0.4587677879923017,0.9970939751468441,0.24975519300800297,-0.9707089100244078,-0.1294263005625795
-0.46025709178436297,2.469361639908793,1.0504986226259396,0.28441921303484025,0.8620215996661257,-0.8669396983935498,1.0916626496653938
-0.09614156770450924,2.9941434247970706,1.3691070021686573,1.152429639824773,1.1619764227067035,-0.44890547282950616,1.616420621728859
-1.216205569672308,1.7074321863774327,0.44297387939187366,0.4138181362937388,0.5220946083372945,-0.9608944707572814,-0.35329901738264985
-1.283485992381994,1.884201109985146,0.6483536203574729,1.1077656846312116,0.2502775325883269,-0.9948670518372438,0.2972089944243328
-1.5209370530533513,0.9729479881810327,0.3591783872896705,0.17319720696459567,0.028357077153773707,-0.975184327466117,-0.5929587985838475
-1.1259986580881083,0.36980777379974045,0.8922124271119724,0.7464435158245671,-0.5402491272095648,-0.9862952088056682,-0.5172011293805638
-0.6211883535063709,0.3864562347431468,1.3518713539646028,1.0885738235448732,-0.6550266547891099,-0.9364505318102687,-0.23586754617841438
-0.1643294551561402,0.974389466403506,1.9030629063105182,1.2603712786982937,-0.7267243573853432,-0.9428291924860969,0.4372483514153888
-0.17054936610097277,0.899089584187069,1.8574760901096175,2.1679067042378275,-0.7619004986178903,-0.9398345355584191,0.5463410142542074
-0.742379486340887,0.5762474644456651,1.1342087651958912,1.2624546972899449,-0.6813494039430295,-0.9424502006342538,-0.36426900314492017
-1.0539084217744317,0.8392212776157466,0.6945049276401408,1.7930733624472759,-0.042153490032631226,-0.9853984685223457,-0.12699752142702245
-0.8582351645269743,1.7176164546121302,0.6581403853413799,0.9646179116528691,0.5410887748945422,-0.9641811378003136,0.3194525633408202
-0.6264823347035985,2.2968497730912447,0.9349985023220135,0.17318650080533912,1.0004204838225585,-0.9626962352988302,0.8201858617883848
-0.6235889207407893,3.16484221419032,1.1784876752220121,1.535815061630813,1.0044145349569595,-0.9160719535472335,1.3636251933695145
-1.2642721928792016,2.337997238555124,0.5578169535257205,0.40057889975499217,0.8689755750890291,-0.97257487537146,0.00883195172906563
-1.3138958179830187,2.151072631266702,0.7201028470805515,0.3060263836498388,0.46977623178683103,-1.0036335682790556,0.32799376996753227
-1.9584597120209792,0.6911634967338349,0.3018644168861863,0.7957753564547295,-0.13554675176314215,-1.0310638801788423,-0.9940716728212705
-1.563649814855385,0.5311696228086128,0.7725745162402792,0.9257652597046832,-0.4123867293350263,-0.9693814030460942,-0.67284539231758
-1.3186032294420484,0.5008128264747187,1.0878669156410408,0.9957321516891919,-0.5610530157471278,-0.9875564439847525,-0.6145546930641852
-0.6467019818964794,1.062113420834883,1.8855825205570125,1.4294108272267825,-0.6352199599958028,-0.9611947648475395,0.20667625214640478
-0.8500630889142217,1.143761115790227,1.765025803537809,1.5051933049203707,-0.3709477892959642,-0.9663846751246906,0.23357498107270996
-1.152810894794341,0.6781411906390289,1.1928811085950917,1.6731194128860045,-0.6870845870118427,-0.9889025899065993,-0.5773538926378863
-1.7117495286212554,0.88302710660039,0.6309325826916752,1.6409474043149654,-0.30845698132261956,-1.0449084732366056,-0.5615668282567579
-1.45827829893729,1.8564536750794685,0.5664136287621395,1.3450762695177036,0.5709096163894218,-1.0242192459146826,0.01000586164458524
-1.5336736547658676,2.647337240045517,0.8825477097249039,0.8635731805735154,0.8032346541714441,-0.9969090516509991,0.46637346121595585
-1.75522599606753,2.9514952702488895,0.9311845428492931,1.1767989995283998,0.8728060653447407,-0.9823582497326978,0.3638385020431445
-2.032466580972754,2.4164883820487915,0.6194883303500041,1.2234585828077003,0.7454765593652802,-1.0015853554841225,-0.2834108977569644
-2.217051165451423,1.7293789985776622,0.48224189771237924,1.3879073302462532,0.22741594267372875,-0.9991125889753761,-0.9027495773242841
-2.5717128978788724,0.7796755681537036,0.06298631111597869,-0.9932795276268015,-0.19960457847745985,-1.0130607317194353,-2.570693408842694
-2.3952544886203335,0.4025881319609357,0.41196161296348094,0.002039980134820413,-0.1760096026874568,-1.006383847947075,-2.322492421014784
-1.8119232910687872,0.5164220347053232,1.0701020779942148,0.41894210411473676,-0.45362517539376157,-0.9635267037829235,-1.70969120528734
-1.0515115242414539,1.2028086373113593,1.8786893309373953,1.1124913833278014,-0.6416621481531363,-0.9567110634309266,-0.5759978242871995
-1.0073595987331991,1.071005258878608,1.7203951757975462,1.3025856646535674,-0.6670773982382088,-0.9674450239123608,-0.5341216240249512
-1.693688015370799,0.5639254799235333,0.812124277388454,1.0170052901353313,-0.3877681790138826,-1.0236455806526032,-1.3835668868602737
-1.952034123047788,0.9002268410849704,0.535777266139161,1.319133104403115,-0.1627558953563996,-1.0244801911241483,-1.2372329439428977
-1.9239998757618484,1.1575960399197986,0.3640102851627582,1.9426448309805675,0.13709868069401637,-1.0035320895864857,-1.2070553631835883
-1.382212960474278,2.6702926786507066,0.9661552708707832,1.697548727081476,0.6014902245465895,-0.969689981111256,0.08297043484197744
-1.2753396629285554,2.983189415358589,1.0320296932308017,1.6676164470272632,0.929603899508288,-0.9712950012488426,0.3494277458388332
-1.1290770133536752,2.4946650954486063,0.6781563727583774,-1.496357668708209,1.2408971847520684,-0.8631974127308155,-0.23777008983460146
-1.8973819002350485,1.5600277667295026,0.5032898715712107,0.6722327023100925,0.5605894525599826,-0.994229185769661,-0.6386198463323395
-2.1709785298590254,0.8080314457085266,0.25117106779079623,1.721354942808119,0.07685551576327933,-1.0170660335853612,-1.2831571094310759
-1.8419830970514572,0.49017528888394857,0.6261393099504926,2.014314002287136,-0.194465601192249,-1.0036190713229742,-1.1126770539410256
-1.125059855260846,0.7464398988825763,1.375987456386865,2.2561318802213517,-0.3810621829876987,-0.9966273965042743,-0.5567092699856426
-0.6338699679465084,1.1038060345783658,1.8197275504055068,1.643760982968034,-0.585407758199421,-0.9801422864459652,-0.012156747967382
-0.6407765208053299,1.1446411117022468,1.920784426835446,2.32254218610027,-0.6518345795760174,-0.9378132456819229,0.11209554464254565
-1.3364729279806993,0.5322129590291278,1.0106776616633226,2.1518132056408263,-0.39662684724988767,-0.9740162870046992,-0.8653868582889495
-1.8330456848160461,0.7824523533981269,0.6063078741398833,2.0295081835064437,-0.056029783934175986,-0.9852182920681908,-0.8755472510060344
-2.0008411522072365,1.6439948940654832,0.5434716689070916,1.543523496296753,0.426300695000242,-0.9559737896644998,-0.5753703896771801
-1.8952318046862553,2.2993774643652136,0.8633551805159191,1.927938850623436,0.7970773785124707,-0.9771393455433839,-0.05397222875124158
-1.080339941518514,3.505094369063489,1.421153026843343,1.9156931456638508,1.1134779840971978,-0.775671004892334,0.9372327762961568
-1.600334480424392,2.4218051090903217,0.7204862217628887,1.8910711206017325,1.401054941931305,-0.9583264385371427,-0.1948009389613526
-1.919744886066134,1.850865394775065,0.6903362202097413,1.7812644687854267,0.5823799825270473,-0.9965279888054303,-0.2699109337284877
-2.134083409824864,1.0055057951719029,0.3908305936746262,1.6215735385212369,0.04332553563236017,-1.0115406223246115,-1.152509031764178
-1.88748605518213,0.7501334316084317,0.9339261731447953,1.350628483709031,-0.25508864945413107,-0.9801484994271431,-1.0048999798006344
-1.5011061029670234,0.9044430627980113,1.4706157619205327,2.444500328674685,-0.41883419364973634,-0.9727902587189556,-0.6909802765297464
-1.051428752086739,1.4454894589047285,2.0761744217050087,2.9683205827030275,-0.6647980982513395,-0.989824182114633,-0.08771201890936924
-1.118363523870262,1.3976021639615537,1.918326396613653,2.3792420055319554,-0.677598056047973,-0.980734590651578,-0.041747373768931534
-1.7636324665786438,0.8442807436713956,1.0527175568576772,2.6780551928933853,-0.43366019587914356,-0.9671095229287618,-0.8971633853125013
-2.0909834071470077,1.0027228846659109,0.5414678819664874,2.32156792560777,-0.0580294475800638,-0.9774002907528496,-0.9384526306169898
-2.044188189866195,1.835880963224457,0.665022026521342,2.025831688417164,0.3301163460172914,-0.9774292846650124,-0.4878938611448285
-1.5028290569179807,3.083410945143731,1.2328888973378127,0.00012571885944891287,0.8252889920073585,-0.6537453912663509,0.4427535841226537
