COAL,NATURALGAS,ELECTRICITY,PETRO_INDUSTRIAL,PETRO_RESIDENTIAL_COMMERCIAL,PETRO_TRANSPORTATION_ELECTRICPOWER,CO2
50578.608,2348.0,160217.989,4381.954000000001,1329.395,1806.8129999999999,454.077
45564.808,2126.0,143538.699,4562.494000000001,1267.475,1684.695,415.098
45402.955,2015.0,148158.37,4268.313,908.735,1381.8770000000002,407.423
43326.498,1835.0,139589.44,3933.325,692.3510000000001,1202.0339999999999,368.205
43999.759000000005,1729.0,147395.124,4432.89,579.239,1237.431,376.028
45542.675,1534.0,161243.674,4488.644,468.06199999999995,1556.257,359.983
48160.560999999994,1558.0,173733.00699999998,4368.452,442.25800000000004,1663.809,369.765
49255.285,1582.0,177365.36399999997,4874.846,492.467,1794.682,385.33099999999996
45874.65900000001,1527.0,156875.032,4665.059,523.403,1613.213,361.336
46978.210999999996,1708.0,154197.466,4656.218,677.83,1559.8139999999999,385.389
47213.008,1905.0,148137.609,4960.782999999999,882.523,1552.945,408.41900000000004
50686.575999999994,2182.0,153604.858,4161.777,1054.7939999999999,1454.816,429.789
50528.945,2230.0,157554.691,4342.435,1079.888,1517.037,429.20099999999996
45704.417,2054.0,142748.458,4232.827,1077.846,1460.844,390.726
46337.742999999995,2003.0,150342.206,3922.704,820.555,1286.839,392.583
43875.422,1691.0,142311.633,4099.133,664.602,1204.559,361.088
45384.372,1608.0,153812.87300000002,4029.031,493.852,1321.7060000000001,360.241
44733.986,1439.0,156440.089,4435.026,434.405,1378.9589999999998,346.97900000000004
48967.579000000005,1514.0,178247.30399999997,4461.282999999999,421.395,1623.345,367.63300000000004
49061.108,1510.0,174119.00100000002,4544.985,424.506,1585.6170000000002,370.06699999999995
44340.435,1537.0,152467.44199999998,4407.027,526.737,1491.151,349.995
46379.019,1706.0,152195.832,4590.05,671.8910000000001,1475.7579999999998,381.654
45068.598,1827.0,150070.855,4455.088,779.1310000000001,1635.1960000000001,385.79400000000004
48020.176,2104.0,160009.019,4091.118,1077.963,1744.505,424.995
50282.501,2248.0,164623.08,4445.768,973.283,1745.265,438.55
46157.315,1939.0,147349.0,3878.824,978.477,1556.605,384.031
47632.10400000001,1903.0,155760.211,3872.761,776.288,1304.383,393.659
44274.039000000004,1575.0,146494.87900000002,3700.13,689.304,1235.282,357.98
43394.793,1331.0,153531.08,3605.717,484.954,1193.548,336.301
45407.797999999995,1257.0,162716.96,3819.018,442.01300000000003,1365.7679999999998,333.37300000000005
48062.815,1313.0,177056.505,4162.635,391.788,1433.8129999999999,346.88699999999994
49607.932,1369.0,179930.892,3991.1209999999996,420.036,1591.701,353.319
44581.458,1370.0,155440.826,4163.059,503.64099999999996,1235.608,336.736
45360.755,1544.0,155187.742,4429.984,558.434,1227.611,360.533
46393.362,1640.0,153035.09699999998,3955.776,642.045,1252.184,358.024
51485.56,2049.0,169628.296,4401.741,994.807,1511.067,428.51599999999996
53398.648,2291.0,178608.612,4479.303,1157.904,1810.174,452.381
47273.41099999999,1938.0,156965.799,4353.708,987.691,1488.114,394.215
49050.888,1721.0,164466.676,4166.133,807.898,1418.839,395.74
46849.91,1508.0,153467.392,4074.29,594.3919999999999,1339.1029999999998,364.365
47117.843,1434.0,157664.467,4147.834,531.096,1222.395,356.969
48840.782,1335.0,173673.71899999998,4289.117,500.26599999999996,1455.4520000000002,357.673
52054.087999999996,1372.0,186691.04,4314.627,426.723,1524.411,369.41900000000004
52443.319,1317.0,186638.69600000003,4517.982,430.533,1583.729,366.963
48091.319,1302.0,165237.437,4595.139,489.01800000000003,1359.856,353.909
49756.081,1621.0,164009.445,4642.81,605.64,1362.6889999999999,384.212
52281.559,1875.0,169346.29100000003,4698.732,942.7560000000001,1744.871,419.899
56632.126,2232.0,184144.107,5074.332,1201.006,1920.5620000000001,478.786
56880.004,2407.0,196665.182,4633.104,1447.2520000000002,2449.005,489.05699999999996
50381.087999999996,1816.0,162949.08800000002,5291.978,1236.8010000000002,1815.53,418.716
50717.279,1715.0,169437.171,4642.9929999999995,793.592,1571.3229999999999,407.834
46765.90900000001,1439.0,157117.355,4525.914000000001,604.335,1482.981,369.907
49557.007000000005,1379.0,169596.40300000002,4464.28,555.513,1569.769,370.199
52194.032,1333.0,181031.212,4920.906,505.07599999999996,1686.503,376.595
56461.666,1325.0,199167.72600000002,4613.53,453.445,2014.884,387.715
55288.685,1364.0,196363.16600000003,4932.175,479.281,1827.2939999999999,391.245
51005.399000000005,1427.0,176497.56,4896.232,523.305,1528.4589999999998,377.07300000000004
50640.183,1518.0,166645.282,5019.932,638.577,1290.1960000000001,387.88
51177.702000000005,1690.0,167388.072,5008.693,719.794,1438.308,399.895
54222.009000000005,2108.0,184589.27,4955.887,1049.29,1834.639,458.996
54312.64599999999,2382.0,198107.635,4919.392,1021.008,2244.424,469.707
45488.03400000001,2139.0,173745.73100000003,5131.032,1098.922,2414.998,430.26599999999996
43287.532,1918.0,173460.887,4708.9,904.082,2081.3520000000003,422.298
46283.566,1539.0,160012.982,4644.52,573.187,1440.8110000000001,376.535
49416.422999999995,1380.0,175548.628,4860.098,573.289,1376.638,385.68
52795.014,1249.0,188585.38600000003,4820.608,513.757,1548.467,374.963
56200.329000000005,1333.0,202947.293,4730.452,453.58099999999996,1654.0220000000002,386.45
58055.96,1285.0,206658.74899999998,4834.793,550.993,1817.868,399.67
55024.081,1235.0,185802.05800000002,4890.082,564.471,1551.866,374.42800000000005
53002.850999999995,1440.0,176013.116,4987.848,667.2139999999999,1425.799,393.061
53155.041,1658.0,176389.093,4996.291,772.883,1560.3470000000002,410.36
58203.35,2069.0,192105.353,4907.431,974.789,1889.114,460.60900000000004
61198.502,2426.0,209986.74899999998,5525.47,1068.504,2214.105,494.61
54463.492,2204.0,186587.30899999998,5648.882,1115.4769999999999,2027.67,454.41900000000004
54864.257000000005,1881.0,183154.004,5513.83,764.8489999999999,1237.151,435.909
51601.295999999995,1594.0,170260.47199999998,4871.821,578.504,1185.202,383.215
54025.803,1429.0,178409.35600000003,5242.983,502.95599999999996,1208.2169999999999,387.9
56025.087,1309.0,186976.379,5256.047,445.032,1389.908,378.38199999999995
60397.407999999996,1330.0,202522.47699999998,5059.331,417.33099999999996,1433.07,385.89599999999996
60750.13,1342.0,205100.592,5431.578,462.035,1451.9470000000001,398.588
54219.414000000004,1329.0,180974.646,5166.454000000001,481.36699999999996,1286.719,370.657
55719.038,1557.0,179953.363,5533.2,579.31,1117.96,399.95099999999996
55996.922999999995,1768.0,177769.508,5409.196,675.4730000000001,1328.875,408.19
61262.898,2072.0,188970.171,5466.694,798.6260000000001,1406.601,452.131
63518.541,2237.743,200296.33,5402.524,1019.31,1392.408,463.846
59678.382000000005,2146.771,188961.379,5164.13,932.1489999999999,1457.11,438.273
58851.915,2053.945,187744.8,4946.504,680.403,1124.211,427.793
52635.272000000004,1534.606,169016.585,4724.227,493.092,919.195,373.654
52833.635,1356.886,176066.486,4686.375,477.11800000000005,899.543,361.096
56097.609000000004,1254.894,189748.486,4669.947,447.629,1024.829,355.276
63122.139,1295.339,217057.853,4379.347,373.036,1294.91,376.494
62751.874,1282.343,215629.38199999998,4313.670999999999,356.462,1384.774,371.735
57306.317,1299.286,191697.74,5081.973,444.898,1023.683,363.255
55775.124,1522.266,178761.03399999999,5007.417,616.957,870.903,382.006
56798.927,1760.559,178771.361,4632.094,746.0139999999999,1137.9,391.412
63359.0,2128.9570000000003,195848.927,5111.13,935.7510000000001,1281.182,451.282
67580.052,2278.606,206758.205,4690.9890000000005,1046.399,1418.826,470.139
59734.769,1895.003,179859.91,4474.391,777.918,1072.867,396.73800000000006
60069.199,1899.431,185833.88199999998,4330.231,497.98,945.548,401.675
54649.223,1488.0529999999999,172841.342,4113.655,376.164,854.0189999999999,356.392
55025.481,1426.31,178138.553,4324.735,377.51199999999994,806.324,357.33
59684.734000000004,1308.775,203020.75100000002,4333.483,364.51099999999997,1082.371,363.17400000000004
67394.25,1313.6660000000002,220654.747,4158.737,332.79400000000004,1106.384,380.57300000000004
65895.822,1312.5639999999999,210639.415,4128.119000000001,361.14,878.9739999999999,372.829
59720.63,1264.828,187051.48899999997,4400.164000000001,372.961,878.245,356.176
59161.454000000005,1518.67,181557.59,4207.665,590.762,879.89,375.81199999999995
58694.803,1618.8110000000001,175791.753,4005.167,642.258,774.673,374.12
65017.416,2076.436,195825.699,4119.417,748.7439999999999,870.059,431.45599999999996
68692.483,2399.675,209694.37300000002,4182.299,731.6339999999999,1143.53,453.13800000000003
59745.587999999996,1984.0320000000002,180545.573,4115.071,616.304,922.0980000000001,393.91900000000004
58236.142,1837.55,187967.965,3959.702,608.85,740.081,393.056
53274.175,1485.344,172876.50199999998,4113.42,607.618,636.619,363.779
54843.623,1135.848,177479.98100000003,3963.941,427.66,548.081,337.32599999999996
55949.139,1114.557,186447.11899999998,3986.239,357.50699999999995,588.6030000000001,332.92400000000004
63827.555,1144.818,210865.079,4083.211,281.885,740.832,351.736
63527.954000000005,1151.351,205891.676,4240.418,318.45099999999996,644.815,353.11300000000006
56734.35400000001,1140.232,180875.268,4080.034,475.57599999999996,583.711,334.095
55033.85,1310.003,173172.24800000002,4107.846,478.181,546.563,343.76800000000003
56830.988,1559.477,173598.759,3960.64,429.282,533.5419999999999,359.2
60213.793,1738.63,184957.943,3903.643,658.512,617.533,388.392
63018.495,2213.214,195870.84399999998,3505.285,777.2589999999999,707.138,410.977
54692.365999999995,1843.29,172725.19,3582.6929999999998,711.965,763.638,359.93199999999996
55433.54,1747.152,182768.72199999998,3592.6620000000003,681.5160000000001,683.926,381.898
52815.608,1496.5410000000002,170668.87600000002,3500.949,616.319,584.976,347.691
54327.79,1230.7060000000001,174724.813,3715.743,427.716,498.24699999999996,336.789
58236.922999999995,1066.512,191367.206,3902.617,447.491,634.188,337.93800000000005
69478.025,1061.975,220446.836,3978.3259999999996,407.397,804.525,361.486
72946.735,1099.67,230193.46,4067.025,459.11699999999996,815.6239999999999,375.342
63316.246,1038.264,195817.014,4339.161,437.309,655.0840000000001,346.63599999999997
60454.06,1101.002,183136.711,3984.381,481.36199999999997,547.4830000000001,346.226
61411.200999999994,1290.257,183170.681,4121.22,604.731,528.357,359.89099999999996
70540.323,1646.329,212555.333,3944.7509999999997,834.518,889.63,419.13599999999997
71919.567,2340.098,216923.729,4386.255,923.368,872.2180000000001,461.98199999999997
62994.93,1954.809,189810.043,4138.213,678.508,593.556,394.517
65027.775,1840.305,200387.475,4179.827,754.443,592.95,411.445
58945.005999999994,1598.622,181381.139,4110.467000000001,572.836,430.418,374.01099999999997
60165.097,1345.87,192550.198,4237.262,499.98900000000003,466.19599999999997,365.965
66706.753,1175.392,209967.31399999998,4175.013,433.798,646.817,362.68800000000005
70422.274,1152.3039999999999,221526.16199999998,4316.361,418.347,574.9169999999999,371.365
73557.45,1153.879,229531.66600000003,4393.248,478.434,708.3389999999999,384.13199999999995
64133.142,1085.049,195411.388,4204.593,498.319,444.61,347.68800000000005
64664.825999999994,1180.1760000000002,191142.43,4408.406,503.57199999999995,435.88300000000004,363.325
64613.373,1392.366,190601.865,3892.402,629.879,531.889,373.221
68145.5,1731.6570000000002,200231.958,3830.348,717.456,443.405,402.536
74849.1,2101.708,228147.888,3974.841,728.19,682.13,444.85400000000004
65777.19099999999,2147.152,198488.497,4030.452,727.725,576.632,411.49800000000005
64857.45,1720.244,195250.388,3807.094,584.455,399.51800000000003,394.69599999999997
61753.43,1445.8829999999998,185173.312,3925.639,458.68800000000005,351.704,367.994
64796.648,1147.3419999999999,197122.843,4132.78,402.99,389.50300000000004,361.57300000000004
66978.446,1076.486,205681.97100000002,4216.969,383.329,440.772,353.778
74162.318,1118.766,227003.762,4150.831,381.24,465.959,374.455
73101.563,1118.153,226286.447,4277.969,417.595,553.617,380.667
66673.298,1041.132,202712.422,4114.592000000001,431.406,436.42699999999996,345.792
65032.78599999999,1147.302,194995.217,4349.282,507.00699999999995,424.055,364.384
64865.710999999996,1312.844,192648.952,3827.1690000000003,579.2080000000001,402.10699999999997,366.589
75200.718,1903.931,219490.423,3967.408,767.1419999999999,617.299,439.075
75872.541,2152.685,217761.13600000003,3904.0009999999997,807.324,613.504,449.847
65822.741,1885.0529999999999,192582.016,3959.9240000000004,816.14,576.832,399.89599999999996
64537.96599999999,1731.49,197114.555,4003.594,670.195,552.685,407.06
58921.077000000005,1347.8329999999999,186370.454,3890.546,522.514,518.226,363.838
61559.018,1165.392,197647.49800000002,4097.501,475.85,571.607,363.54
68193.076,1036.177,215334.15600000002,4110.463,415.17699999999996,656.171,363.858
76787.333,1030.964,242953.552,3928.97,422.195,893.493,387.586
70590.401,994.837,225402.48100000003,4160.376,456.194,836.7639999999999,377.2
65293.125,939.93,206905.10100000002,4314.727,446.06800000000004,612.178,348.99300000000005
63179.272000000004,1016.429,197959.776,4423.929,535.385,539.154,361.66900000000004
63682.41,1244.243,196653.68600000002,4107.753,555.86,596.731,368.296
69792.008,1676.265,213786.542,4128.309,677.215,650.7080000000001,423.879
72647.557,2124.8070000000002,223040.975,4244.988,707.686,662.1160000000001,448.341
63090.85,1918.243,194280.625,4188.528,675.507,635.752,402.62699999999995
63784.29,1747.714,202129.944,3746.8979999999997,636.0830000000001,551.7959999999999,403.41
61471.941,1436.241,189792.417,4180.154,510.644,448.17,378.647
65950.473,1183.088,206406.878,3949.345,451.035,443.776,372.334
72204.411,1098.0819999999999,225907.915,4413.585,438.092,597.325,381.889
80478.546,1092.381,248196.22100000002,4542.5509999999995,437.205,690.6310000000001,406.176
79934.558,1124.635,247880.76,4195.214,412.647,621.719,399.224
68983.521,1043.469,213221.24899999998,4535.115,477.12199999999996,436.457,369.47
67298.576,1220.126,203214.924,4363.812,585.918,374.39599999999996,386.11
66633.901,1415.682,200479.38600000003,3919.579,606.534,547.975,384.99699999999996
74461.968,1806.34,220736.372,4245.452,714.138,604.503,442.32599999999996
78967.267,2186.595,238188.43399999998,4132.9529999999995,722.6260000000001,878.1139999999999,472.666
72165.673,2037.6970000000001,217183.08399999997,4346.488,699.306,677.677,441.61199999999997
69653.994,1866.9470000000001,214293.615,4382.683,631.591,523.758,438.675
64152.337999999996,1463.656,196297.111,3928.137,489.73,420.069,386.98
66506.652,1302.434,208703.604,4097.361,441.406,393.095,380.92900000000003
75076.25,1170.361,233065.853,4301.638,410.749,561.649,392.77
81993.87,1176.486,257742.125,4178.727,432.469,768.186,409.709
85300.987,1222.415,267928.593,4617.137,448.228,887.328,426.483
71377.027,1098.633,220392.242,4570.3679999999995,455.722,558.423,380.19300000000004
70248.363,1231.925,210813.885,4681.234,508.124,710.64,399.556
70008.168,1452.505,209814.992,4421.254,558.259,818.457,407.352
78191.217,1819.933,232987.639,4500.388,645.072,991.4630000000001,461.289
77972.523,2041.11,246766.176,4202.525,642.835,838.19,460.858
73707.444,2029.521,233782.777,4263.22,615.156,1069.901,439.67
73129.833,1971.375,241946.41,4352.565,593.991,912.867,454.284
66694.322,1609.047,222868.586,4021.31,466.898,652.389,400.259
68795.62400000001,1378.6789999999999,234824.77,4106.481,414.327,559.015,395.467
73767.343,1231.45,250919.11,4382.802,419.72,724.796,400.509
80039.787,1257.991,273457.735,4108.946,379.111,688.404,408.009
80599.391,1252.297,275419.519,4417.084,445.934,617.672,417.76599999999996
72790.488,1212.562,242793.798,4432.97,447.51599999999996,587.309,386.781
71558.601,1367.713,235669.018,4488.582,476.39300000000003,462.35900000000004,404.684
72019.256,1590.227,234249.81,4132.129,550.17,653.762,415.707
83925.271,2177.029,274448.378,4101.901,718.975,1225.241,500.56800000000004
77917.507,2164.199,255187.021,4228.9890000000005,565.952,654.658,464.45099999999996
69138.38,1864.019,229499.204,3987.454,578.327,590.761,414.102
72120.262,1829.32,244761.483,4202.167,501.224,574.227,433.43800000000005
68396.59,1631.8,229769.72699999998,4286.338,458.455,591.252,403.79400000000004
69683.12,1420.835,241773.52899999998,4322.645,425.694,536.6080000000001,400.99800000000005
75714.409,1321.763,268992.25800000003,4364.604,437.103,772.802,404.962
82114.088,1313.951,287447.762,4482.276,417.147,732.564,419.466
83806.284,1342.953,290655.25899999996,4790.998,458.519,622.839,434.74
77368.11200000001,1304.567,258356.63199999998,4533.681,456.93699999999995,474.58099999999996,395.48400000000004
75716.732,1426.626,244372.25,4466.779,481.015,414.414,410.10900000000004
72438.484,1574.0020000000002,231242.37699999998,4102.061,525.871,368.594,405.726
80083.601,1979.52,255769.835,3848.5209999999997,567.114,457.119,450.63300000000004
82810.979,2331.248,269214.313,4308.316,615.866,520.186,476.647
69163.308,1939.65,228290.13100000002,3857.97,545.6659999999999,533.429,405.506
70078.844,1876.365,240561.21600000001,3739.5559999999996,494.966,483.374,421.68
65017.029,1583.035,227798.97100000002,3966.853,438.73199999999997,459.952,387.67
70901.257,1383.932,254873.018,3939.634,397.404,606.243,392.195
75581.345,1247.8210000000001,269099.25399999996,4248.526,400.55199999999996,632.852,393.791
82301.26,1345.751,294647.834,4404.157,404.777,616.97,418.436
82276.459,1336.122,292158.58,4461.708,400.52,645.748,420.61199999999997
74643.435,1280.641,256027.328,4741.44,391.885,496.31,392.147
72948.511,1468.4289999999999,245378.242,4531.149,450.32300000000004,359.84,408.528
75197.695,1728.204,241661.365,4300.731,466.713,455.815,420.12199999999996
78306.681,2040.869,254088.633,4107.545999999999,553.966,495.65,455.35699999999997
79495.144,2280.417,267772.67,4290.674,567.589,577.128,471.149
71012.59700000001,2072.672,239514.03100000002,4267.522,514.909,498.56199999999995,427.591
73820.015,1977.102,247733.163,4245.581,473.806,494.48800000000006,441.684
68950.957,1741.3339999999998,233405.563,4352.5,432.06800000000004,384.025,410.597
70614.019,1476.109,242411.928,4357.587,365.469,302.442,400.342
74056.109,1329.8239999999998,261076.926,4676.369000000001,372.62800000000004,442.881,395.6
84516.155,1393.796,293616.745,4689.207,350.08,494.221,428.43699999999995
81115.988,1338.4820000000002,281927.43,4651.316,348.725,413.10699999999997,416.085
76176.47,1316.4279999999999,259925.035,4612.542,441.439,411.356,397.75300000000004
73631.88799999999,1420.942,244993.925,4859.979,415.76300000000003,397.41,411.714
73551.673,1719.099,244161.99899999998,4654.244000000001,465.56800000000004,411.42400000000004,417.945
80713.784,2162.025,267342.791,4590.91,567.8009999999999,381.577,474.98900000000003
80663.12,2316.258,271020.902,4028.4840000000004,508.89300000000003,424.724,462.04699999999997
74794.963,2198.866,248015.328,4353.521,534.51,454.096,439.11300000000006
78172.646,2178.04,261247.551,4510.995,508.741,497.52099999999996,465.10900000000004
70048.053,1712.6889999999999,234695.12699999998,4156.859,421.089,318.53,408.353
70336.817,1330.112,244325.583,4060.3779999999997,356.024,315.622,390.20300000000003
78621.11,1344.31,275359.6,4431.11,365.574,473.93300000000005,405.185
89450.433,1423.693,312224.835,4554.111,346.543,665.956,437.684
88607.984,1447.1529999999998,311450.19,4378.302,373.73,690.084,438.284
76788.272,1332.539,264032.481,4794.427,357.809,586.128,406.49199999999996
76082.939,1537.474,250552.792,4855.108,301.811,444.051,417.658
76934.94099999999,1807.45,252102.138,4793.397,359.341,455.449,434.69
83580.006,2161.259,272164.57,4349.306,463.87699999999995,595.899,480.707
88402.06800000001,2557.263,289768.406,4743.665,583.615,885.447,509.348
76903.91,2330.159,249172.29,4683.999,574.712,643.251,460.79400000000004
77654.016,2071.776,257998.052,4271.905,468.463,479.306,452.916
70555.787,1671.515,240636.581,4507.503,367.55800000000005,471.316,413.597
73719.808,1435.3570000000002,252744.93600000002,4432.81,350.06699999999995,414.899,408.466
83932.66900000001,1447.6629999999998,294161.782,4676.737,333.336,615.581,428.05800000000005
87617.70800000001,1455.796,311256.82300000003,4683.184,298.509,560.4630000000001,435.256
86743.14300000001,1486.83,307604.584,4922.521,329.213,367.20099999999996,442.645
77099.295,1408.8410000000001,266262.327,4889.889,345.67199999999997,315.28700000000003,406.305
75461.363,1514.35,256528.49,4971.1990000000005,365.216,278.993,417.601
73152.261,1748.263,251868.348,4500.635,411.528,282.26,417.717
80043.87400000001,2119.285,269519.769,4721.501,500.151,299.58799999999997,469.964
83049.856,2432.305,279773.101,4371.168,494.18699999999995,276.373,480.756
74907.849,2230.2889999999998,252307.14899999998,4740.976,545.389,482.91,447.55
74826.637,2143.331,261342.562,4293.077,429.26,207.63099999999997,454.171
69517.601,1820.872,244735.923,4354.751,385.76300000000003,219.392,412.66900000000004
73073.84,1616.918,264288.24199999997,4440.58,315.283,282.467,415.652
79796.709,1458.521,286258.135,4800.168,308.32,304.395,422.217
90648.08300000001,1591.74,330416.095,4463.885,273.121,456.884,445.17900000000003
95025.659,1661.055,345780.07899999997,4800.802,281.462,538.814,465.876
79682.071,1461.606,277575.357,5057.721,299.73400000000004,315.64099999999996,419.881
77378.663,1530.3139999999999,263978.44,4715.178,325.889,236.891,421.223
78674.73,1917.0020000000002,261478.39899999998,4580.044,428.75699999999995,257.175,444.592
85522.07800000001,2342.935,285553.882,4537.473,542.263,437.33099999999996,494.54900000000004
88468.20800000001,2602.488,296922.971,4618.015,563.677,490.69300000000004,514.309
80225.103,2354.467,270685.247,4662.419,553.078,552.069,476.49800000000005
80319.241,2234.322,275019.018,4669.3679999999995,460.986,375.13699999999994,477.653
72688.563,1858.4,251612.875,4621.099,376.586,215.547,430.63199999999995
77851.52,1643.912,282266.414,4725.178,305.17,254.958,433.44
84077.94,1534.6870000000001,302716.899,4900.572,299.685,360.218,434.205
91215.951,1538.025,327708.462,4882.573,269.658,474.93,455.17400000000004
92171.521,1569.787,329286.33,5065.141,281.246,395.977,462.23699999999997
82396.05900000001,1475.066,283151.26300000004,4808.6179999999995,311.505,325.975,421.931
82553.787,1585.36,271446.494,5455.562,374.593,226.03900000000002,451.412
84828.23599999999,1929.2920000000001,269122.035,4820.084,470.251,283.557,462.88800000000003
89524.64300000001,2283.2729999999997,284249.613,4585.51,508.152,374.88,497.654
92703.08099999999,2540.341,300573.901,4876.184,563.681,488.897,520.104
78849.55,2273.601,258131.02899999998,4716.903,493.01099999999997,294.215,456.785
80386.51,2156.271,272258.227,4466.734,419.724,249.56799999999998,468.598
76572.695,1842.037,258284.482,4832.446,372.85,261.938,442.952
78225.959,1649.6970000000001,272913.783,4854.766,311.462,295.539,437.469
83746.381,1536.3770000000002,299091.561,5029.509,311.01,450.681,439.37699999999995
95463.93800000001,1670.662,344516.455,5157.092000000001,296.005,577.905,479.657
93212.351,1637.517,332898.63,5004.834,298.107,477.881,466.92
86709.737,1538.67,301056.672,5177.604,314.095,487.81800000000004,440.69199999999995
87018.46,1598.128,284970.62899999996,5345.6269999999995,329.912,440.842,458.64599999999996
84458.56599999999,1930.741,271120.816,4854.977,373.20599999999996,430.594,462.87199999999996
92197.228,2363.301,296356.097,5103.946,453.93199999999996,448.30699999999996,515.254
90586.396,2442.638,295260.404,4699.630999999999,462.884,403.772,508.781
79507.094,2140.021,260589.918,4598.417,454.54699999999997,392.99300000000005,451.782
82485.725,2174.634,286877.989,4759.826,418.81300000000005,524.189,481.77
76736.996,1757.746,261229.604,4783.157,347.158,433.064,445.731
83216.933,1592.53,299639.908,4625.8,342.667,582.929,447.656
89349.469,1587.735,328903.002,4954.038,307.49,772.262,461.334
97810.317,1723.5620000000001,361936.46,5001.2570000000005,280.933,843.893,492.954
97676.41900000001,1736.622,357365.61,5089.287,284.421,813.791,492.44699999999995
88181.89,1595.4379999999999,318924.466,5013.393,273.39799999999997,672.576,454.457
83888.70199999999,1553.721,284445.547,5083.079000000001,337.48699999999997,452.73199999999997,452.079
79799.744,1763.28,267136.408,4723.013,356.725,467.30699999999996,446.07300000000004
87863.131,2178.028,297986.18100000004,4781.055,438.741,539.2669999999999,501.675
91238.539,2553.096,315813.69,4681.312,527.918,681.704,524.8530000000001
78967.232,2142.8089999999997,274820.273,4560.984,528.9590000000001,597.1659999999999,459.241
82646.818,2208.633,298144.718,4874.893,460.275,578.78,494.24199999999996
78636.50099999999,1855.922,280719.01300000004,4853.758,340.30400000000003,519.268,454.026
82204.37599999999,1584.757,300098.19,4588.119000000001,285.818,515.0,447.412
88323.05,1530.2939999999999,328923.833,5353.59,271.355,610.386,458.286
99880.33300000001,1686.365,376538.30799999996,5183.372,254.34099999999998,859.5930000000001,494.981
96862.51800000001,1724.3210000000001,364031.383,5514.134,267.788,711.312,494.86300000000006
87128.81599999999,1530.672,305515.654,5573.983,273.41900000000004,455.918,449.583
83773.023,1629.38,283934.839,5344.566,336.49300000000005,368.765,460.652
81134.295,1733.1129999999998,271095.672,4834.073,387.722,271.673,449.93
87851.04199999999,2225.788,295174.23699999996,5025.4490000000005,470.48800000000006,245.701,512.191
97043.237,2532.4429999999998,327993.94399999996,4756.524,565.444,434.978,531.996
88029.479,2340.654,294169.282,4855.986,537.5269999999999,314.613,497.86699999999996
86379.33,2085.459,301579.821,4816.542,444.92199999999997,256.692,489.022
78212.149,1827.336,285577.749,4481.208,373.51199999999994,279.527,448.671
85275.29800000001,1736.144,322953.68100000004,5123.223,327.467,476.76199999999994,472.11300000000006
92577.183,1615.904,339053.66,5262.84,296.55,620.126,475.439
96419.55099999999,1671.158,356527.917,4999.228,283.661,559.862,489.537
99791.091,1813.2620000000002,368669.365,5299.999,346.469,704.068,512.148
89049.41900000001,1563.151,312446.647,5278.84,339.392,621.17,464.588
88309.091,1610.0539999999999,289451.903,4956.165,384.06199999999995,452.855,471.152
87678.80900000001,1928.879,284670.275,4431.754,464.99,416.285,478.527
95330.237,2608.675,319010.798,4571.302,617.068,910.5060000000001,557.534
96896.58300000001,2676.998,332493.16,4696.791,622.259,998.732,555.881
83772.227,2309.464,282940.19800000003,4585.965999999999,564.3919999999999,610.0409999999999,485.087
86499.18800000001,2246.633,300706.544,4717.282,499.32300000000004,622.568,509.527
78371.593,1807.17,278078.87100000004,4921.032999999999,397.82,605.492,458.454
84604.868,1522.382,300491.62100000004,4867.045999999999,311.741,549.702,460.05800000000005
90024.609,1444.378,327693.978,4900.166,305.115,657.784,458.037
99156.536,1598.0710000000001,357613.7,4945.236,311.903,578.981,493.327
101105.371,1669.1779999999999,370532.828,5200.7390000000005,306.341,765.049,502.689
86705.07199999999,1494.128,306928.86600000004,5028.858,301.527,396.082,445.211
83511.233,1649.0729999999999,294733.613,5332.734,360.42699999999996,332.64300000000003,462.56699999999995
81013.457,1700.95,278933.942,4979.857,408.962,315.829,451.85400000000004
88484.795,2120.198,305496.328,4505.865,495.355,332.245,495.103
90003.707,2487.638,319941.472,4889.8859999999995,523.063,352.10900000000004,521.274
79568.765,2242.427,281825.708,4721.682,492.026,329.30800000000005,464.825
83394.61099999999,2258.431,302549.007,4799.418,434.463,436.461,497.85
78688.328,1880.985,289848.252,4825.8009999999995,329.603,424.85699999999997,460.19800000000004
83658.24,1611.453,307674.56899999996,4980.965,303.046,429.195,461.12300000000005
90613.311,1591.3729999999998,341023.145,5082.495,272.967,442.09,466.889
99977.291,1748.435,381542.109,5243.196999999999,273.54,533.814,502.602
99012.33300000001,1725.7120000000002,374585.823,5252.465999999999,280.375,533.6759999999999,500.483
91304.88699999999,1542.17,331279.434,5164.899,293.099,440.89300000000003,461.62800000000004
88469.273,1645.8729999999998,307059.462,4935.066,361.405,424.597,471.267
87015.67300000001,1913.629,296289.561,4914.964,417.994,336.398,481.986
94648.155,2378.895,324833.70399999997,4380.117,532.612,425.042,529.906
99026.1,2700.545,341988.899,4759.218,670.404,660.32,554.83
87031.78199999999,2500.315,299248.775,4897.728,613.903,630.5880000000001,506.365
86182.17599999999,2197.936,304317.26300000004,4639.617,509.309,537.056,504.0
79312.22200000001,1743.53,285755.7,4922.95,408.048,477.02099999999996,458.319
83889.216,1514.6970000000001,307544.887,4669.023,348.00699999999995,421.842,454.727
90507.648,1368.369,328693.69899999996,4853.235,331.202,597.11,457.593
100380.515,1600.484,374396.049,5061.272,322.131,643.1659999999999,497.369
101871.66900000001,1651.58,381816.31799999997,5152.166,313.106,663.332,507.286
91509.59199999999,1428.5539999999999,323135.536,5188.496,366.024,471.842,459.915
88394.92599999999,1553.1889999999999,306740.934,5045.907999999999,395.82199999999995,442.211,472.995
88947.222,1753.642,297866.713,4835.982,410.44599999999997,352.819,475.2
97807.773,2263.659,331680.43100000004,4996.501,534.925,512.27,537.826
99807.875,2675.8340000000003,346545.62700000004,4744.094,613.8290000000001,785.196,560.77
90233.479,2511.097,314279.91,5108.997,567.896,517.993,521.927
86075.84199999999,2100.9210000000003,308812.096,4991.972,452.921,501.759,504.024
79645.136,1745.171,290559.914,5119.669,392.09,486.43,465.26599999999996
87694.373,1573.043,327380.26399999997,5185.566,312.915,544.363,477.865
92975.54800000001,1483.684,345085.07899999997,5337.406,310.02099999999996,590.3240000000001,476.57099999999997
100663.51199999999,1584.933,377331.69700000004,5398.2880000000005,298.67900000000003,636.726,503.587
99319.155,1577.9620000000002,368439.037,5546.956,315.093,591.745,500.57199999999995
92548.05900000001,1482.15,335622.198,5489.984,311.915,473.879,469.26
89025.60800000001,1557.224,312450.223,5453.579000000001,364.655,401.99800000000005,478.22900000000004
89666.526,1782.796,302101.256,5272.944,432.233,366.83,486.93699999999995
99599.425,2327.73,341947.963,5020.68,616.675,513.653,548.719
99403.225,2561.8579999999997,343121.453,5001.217000000001,540.71,626.336,553.428
87720.53300000001,2242.986,298500.316,5081.717000000001,520.2040000000001,417.894,494.783
91150.681,2205.7870000000003,317458.276,5299.418000000001,451.717,429.93699999999995,522.885
80859.70599999999,1724.8770000000002,289562.4,4764.8,354.017,374.033,461.664
86367.787,1522.6129999999998,315062.11,5157.498,319.062,354.952,471.728
96504.41699999999,1534.122,363671.636,5547.096,327.347,596.557,487.536
103428.775,1686.609,402273.846,5115.32,307.976,692.592,513.85
104549.477,1695.102,404940.68100000004,5573.236,328.73,775.822,521.51
95689.525,1422.495,350217.80100000004,4846.642,304.842,676.437,473.449
91469.168,1428.227,316397.924,4759.972,344.95099999999996,537.2330000000001,474.249
89018.317,1663.4,306115.23600000003,5037.565,381.22,372.691,478.509
99816.0,2326.36,348101.071,5010.2029999999995,498.184,686.549,553.411
94621.37,2165.268,328657.739,5043.874,463.159,319.38,521.884
88231.349,2144.3779999999997,307333.43,4883.69,529.497,291.20599999999996,487.01800000000003
89877.102,2126.369,318729.8,5014.412,439.333,207.75599999999997,512.3290000000001
79419.116,1681.005,297858.078,4857.102,323.002,247.75,454.702
87490.37800000001,1526.297,330615.57,5180.952,287.62,230.352,468.67
94297.71,1550.879,364259.79799999995,5471.793000000001,260.908,317.389,481.519
104145.4,1758.733,410420.79299999995,5084.729,247.424,379.356,515.186
105198.209,1751.683,407762.536,5619.904,252.498,450.43,524.514
91333.88699999999,1462.07,332055.321,5450.828,271.593,254.955,467.125
91199.13900000001,1644.231,321567.091,5333.217,297.467,268.378,486.714
89548.183,1765.375,309158.826,5356.177,337.024,259.552,480.98699999999997
96929.91900000001,2122.784,336283.24600000004,4995.7429999999995,413.036,239.558,528.689
98737.661,2474.725,353531.095,5067.259,435.746,317.308,543.442
90969.775,2565.953,323230.395,5156.291,500.42,507.286,521.634
89019.463,2128.33,320471.243,4933.462,418.70599999999996,278.608,508.11699999999996
82540.11099999999,1809.783,303129.064,5049.799,289.13599999999997,269.447,469.903
88010.435,1560.369,330202.75800000003,5207.548,218.22,251.518,474.77099999999996
96555.21699999999,1555.757,362754.87700000004,5105.998,229.808,315.931,482.418
103282.29400000001,1660.8139999999999,393226.43200000003,5089.058,223.851,294.894,506.595
105786.69900000001,1896.674,421796.659,5183.549,243.733,379.972,529.453
94596.351,1590.656,355393.912,5214.752,257.432,271.028,477.01199999999994
90819.885,1627.602,332615.416,5090.004,292.71,250.428,478.50699999999995
89310.735,1834.266,314102.543,4862.275,397.31,169.342,482.728
98369.504,2398.862,346290.331,4721.009,545.391,222.77700000000002,540.966
101388.662,2733.59,362998.429,4873.999,549.935,235.074,555.4
93441.72,2502.724,325105.597,4760.9490000000005,549.243,208.835,511.666
90154.05,2277.698,324629.85,4581.015,424.34,165.113,506.035
83461.557,1823.885,305865.031,4593.62,331.944,186.75400000000002,462.545
87807.055,1577.395,325244.80199999997,4731.784000000001,256.962,182.953,460.999
96035.744,1604.908,373109.027,4780.393,251.90599999999998,280.813,468.33099999999996
104723.707,1710.14,402900.336,4732.391,239.71200000000002,225.667,494.995
102389.859,1683.74,388986.719,4550.898,226.22400000000002,205.46400000000003,485.38699999999994
91908.77,1460.035,338056.13,3933.259,240.93,230.007,437.07599999999996
86926.884,1635.0439999999999,318547.343,4904.309,286.192,172.642,461.94599999999997
87148.645,1868.435,310046.24100000004,4352.497,358.778,183.497,462.277
95161.791,2399.413,343898.25399999996,3906.845,502.43699999999995,229.12599999999998,516.4780000000001
96448.616,2729.697,354992.636,4131.255999999999,541.618,318.942,533.28
80120.525,2331.768,300887.398,4168.746,495.538,191.377,456.546
77813.967,2170.514,310602.964,4019.6940000000004,428.36199999999997,179.71099999999998,460.94
72019.193,1741.243,289537.255,4042.558,343.254,151.784,418.626
75264.05,1504.9920000000002,311305.872,4087.5190000000002,248.063,171.136,412.282
83826.921,1528.41,347658.24100000004,4369.477,230.83,178.942,428.559
89133.755,1659.05,372542.226,4262.483,243.59,180.442,447.469
91730.84199999999,1737.335,381221.417,4432.247,251.19299999999998,195.097,458.81300000000005
78756.705,1574.901,327400.61199999996,4572.662,289.323,155.862,417.54400000000004
80034.899,1666.078,307040.341,4429.139,295.673,136.017,432.249
78501.9,1775.1660000000002,296634.67,4514.41,313.707,110.619,427.31699999999995
93826.234,2490.925,350507.295,4240.965999999999,496.871,128.201,510.046
96493.761,2809.788,360957.167,4091.759,549.8240000000001,239.132,524.186
86001.06,2480.95,319734.727,4196.251,557.145,137.731,471.414
82444.118,2142.925,312167.64,4549.224,358.805,133.845,469.01800000000003
72790.215,1691.8129999999999,287800.227,4442.915,269.113,125.302,420.42400000000004
81570.459,1617.274,327936.49199999997,4315.571,262.16900000000004,163.767,435.588
92983.42,1649.515,375759.47799999994,4679.46,278.818,224.09400000000002,457.36199999999997
100582.163,1825.828,409725.44,4514.722,233.467,243.77700000000002,484.43199999999996
100393.037,1878.9260000000002,408884.155,4984.565,217.09599999999998,196.358,490.64
85385.77,1637.491,346045.172,4965.755,212.62900000000002,153.013,441.76099999999997
76590.832,1664.9379999999999,307920.691,4426.0740000000005,294.013,118.102,427.16900000000004
78697.159,1973.2939999999999,306009.62899999996,4388.782,362.07199999999995,114.389,444.009
94581.72300000001,2714.054,362119.081,4546.518,530.613,189.44400000000002,527.556
96303.08099999999,2888.64,362871.893,4525.318,496.923,184.322,529.2669999999999
79576.76299999999,2452.403,313126.607,4204.305,499.426,143.626,454.464
78766.962,2230.493,318709.941,4629.976,368.06,147.36,464.555
72497.188,1825.023,302400.724,4294.12,267.66,132.732,418.49699999999996
79098.326,1667.396,323628.238,4336.343,195.958,127.81,425.506
89651.825,1657.3339999999998,367727.015,4567.0509999999995,235.77,145.007,445.13199999999995
99618.148,1890.515,418692.755,4479.342000000001,216.118,168.878,476.194
97762.44099999999,1891.783,406511.315,4898.170999999999,264.883,143.404,480.27
82341.004,1655.634,337931.31799999997,4685.736,288.192,130.395,428.306
75260.839,1744.454,308698.50399999996,4666.637,328.80699999999996,106.993,424.88800000000003
72706.918,2031.872,304102.155,4799.459,390.135,97.296,432.48900000000003
79364.672,2541.8779999999997,335740.463,4194.698,493.06800000000004,115.594,475.034
76291.6,2756.18,339528.25899999996,4533.332,479.339,125.55799999999999,477.24199999999996
68466.207,2500.654,309389.42,4539.758,422.254,105.223,440.12199999999996
63074.890999999996,2127.761,309090.56899999996,4307.656,332.707,77.42399999999999,417.385
56898.617,1953.0710000000001,295228.216,4242.624,266.15,78.545,390.711
68014.705,1873.835,336517.631,4531.361,238.592,90.73700000000001,414.69800000000004
76642.09700000001,1868.356,360826.151,4629.412,234.345,112.006,427.51
91587.644,2069.7729999999997,414639.67100000003,4537.08,219.74900000000002,123.29299999999999,467.491
87918.69300000001,2008.815,395699.566,4725.278,258.155,104.585,463.795
74477.409,1807.2079999999999,334584.877,4493.848,229.074,92.411,411.408
71773.73,1901.0839999999998,311650.774,4900.342000000001,239.84099999999998,89.62700000000001,422.95099999999996
75318.703,2167.841,305975.035,4708.067,320.848,92.40299999999999,438.695
78720.825,2503.907,334635.089,4558.406,358.42400000000004,93.397,464.212
80587.134,2878.785,348967.37799999997,4700.001,509.695,137.78,494.22900000000004
72485.533,2567.155,309728.08,4535.389,515.299,113.90700000000001,442.13599999999997
75914.288,2521.1079999999997,325398.834,4216.713,426.287,101.085,463.834
65959.613,1967.4579999999999,299332.868,4347.057,328.82099999999997,101.529,409.474
69885.357,1752.469,322155.64,4550.473,226.19799999999998,121.376,414.12800000000004
80169.25200000001,1742.9170000000001,356822.64700000006,4641.833,178.16099999999997,123.939,424.32199999999995
88299.204,1926.33,394845.62100000004,4869.9529999999995,173.077,145.528,459.341
87155.789,1927.379,385285.745,4679.263,200.623,124.15799999999999,456.186
77901.622,1766.973,340940.902,5169.81,222.095,116.059,424.82099999999997
71824.198,1866.7620000000002,314925.463,5096.444,209.33,107.59700000000001,424.846
71439.212,2316.909,314539.642,5064.09,306.255,99.89299999999999,446.14099999999996
82820.614,2920.8259999999996,353021.24799999996,4815.333,367.24800000000005,129.329,499.333
89062.79400000001,3204.1290000000004,377251.37899999996,4802.3240000000005,447.01599999999996,363.967,532.891
81580.981,2741.24,324347.016,4365.764,486.935,163.721,473.42400000000004
77685.495,2557.89,331820.969,4030.804,406.83099999999996,167.835,469.599
63209.565,1961.6779999999999,297628.262,4442.19,249.65599999999998,95.915,409.962
69184.695,1810.2220000000002,324719.307,4293.929,256.426,110.352,416.04699999999997
79487.082,1745.351,357840.179,4441.05,227.058,113.553,426.23699999999997
86802.295,1881.017,385775.45,4612.888,201.429,110.00299999999999,456.82599999999996
86357.12800000001,1933.0610000000001,384336.561,4736.254,206.171,112.931,457.44199999999995
74293.549,1809.2910000000002,339882.666,4980.340999999999,261.54900000000004,109.611,422.10699999999997
66493.94099999999,1912.81,314518.00899999996,4988.026,291.14,80.918,425.462
70154.743,2357.521,317491.365,4671.457,380.653,98.193,447.01300000000003
73419.21,2679.165,337952.981,4620.374,406.736,116.085,476.83099999999996
76894.69,3114.982,360452.843,4661.044,652.1709999999999,158.763,506.475
72317.599,2925.172,334595.61100000003,4584.08,654.169,351.82599999999996,472.131
63559.96599999999,2591.3289999999997,324313.517,4470.09,532.057,97.07,455.72
53207.419,2007.922,294177.187,4602.999,423.925,94.81299999999999,395.965
61923.19,1858.149,322189.101,4718.471,397.42800000000005,104.78200000000001,409.556
73844.88,1899.906,362493.066,5049.936,340.457,104.708,431.093
81448.94900000001,2067.714,400534.56799999997,5102.104,347.25,125.867,463.67
78574.44099999999,2052.728,392241.719,4978.277,366.653,116.45,454.82
69369.492,1901.3370000000002,350190.226,4761.861,364.26300000000003,111.785,418.565
58404.552,1987.31,312210.416,4476.849,527.604,94.367,409.786
53639.953,2249.14,300779.394,4292.737,581.774,98.742,406.129
54929.549000000006,2588.1679999999997,324536.124,4531.642,614.98,93.137,438.155
66662.224,3091.695,352713.719,4626.819,606.8340000000001,127.22200000000001,482.86199999999997
55210.717000000004,2652.26,313816.4,4921.448,600.244,126.083,433.655
44574.606,2356.298,304427.422,4694.569,490.05199999999996,101.729,409.895
43383.704000000005,2083.848,292986.598,4472.647,451.00199999999995,106.57,382.586
49342.933,1965.799,316866.99199999997,4455.6720000000005,413.974,107.288,390.11800000000005
67551.229,2000.656,367903.542,4640.476,362.31699999999995,113.51100000000001,424.80300000000005
78568.539,2186.616,412043.365,4617.785,361.954,131.912,459.014
78174.536,2208.375,409861.386,5016.845,342.63800000000003,131.38,466.594
66614.898,1947.7520000000002,351560.044,4871.108,385.94699999999995,111.22,418.332
58952.703,1925.203,312939.728,4929.866,442.72,89.45,408.976
52533.242,2159.445,297065.261,4710.752,496.037,100.82600000000001,405.95300000000003
69501.358,2866.2729999999997,345389.344,4517.36,649.362,111.684,486.15
68005.594,2914.837,344413.97,4698.197,610.493,114.696,477.207
52380.924000000006,2341.078,291112.63800000004,4440.822,550.39,99.45200000000001,396.73
53325.237,2524.263,319469.28,4799.963,515.557,90.757,435.702
48565.447,1932.745,295461.518,4794.996,440.345,72.783,383.43800000000005
55201.684,1892.286,323494.022,4865.959,385.52099999999996,103.60700000000001,404.315
63098.547,1910.408,358630.102,5076.598,394.423,109.37,415.783
74213.784,2141.879,404537.01,5095.003,339.616,101.572,451.327
70229.13,2094.234,384837.276,4831.991,367.723,96.881,444.287
59039.437000000005,1920.233,336003.836,4815.6990000000005,366.61300000000006,95.075,402.793
54435.842000000004,2031.694,318731.201,4873.293,413.82099999999997,86.76799999999999,407.89099999999996
55357.275,2357.822,308188.682,5135.217000000001,525.839,96.15,425.82099999999997
63002.780999999995,3084.415,350563.359,4802.383,641.883,146.256,486.152
69253.774,3341.44,373379.35299999994,5207.762,698.7339999999999,348.108,512.0790000000001
50024.953,2711.241,307057.658,4862.815,577.456,100.889,414.76
48869.90900000001,2797.8179999999998,321765.19,5186.903,525.938,84.485,446.9
44793.442,2351.509,301056.945,4750.44,483.87699999999995,93.98899999999999,402.91900000000004
51573.59,2056.106,339228.26200000005,5018.157999999999,376.108,88.624,406.662
60239.975999999995,2064.26,372145.084,5177.94,354.35400000000004,112.69200000000001,420.56199999999995
68083.151,2352.215,411616.686,5258.173000000001,340.765,109.61200000000001,453.819
67976.37,2315.335,408352.15,5682.0109999999995,334.098,111.05799999999999,459.209
58159.414000000004,2157.215,356557.96,5259.146,349.365,109.795,414.218
52811.207,2286.013,325070.15,5506.956,470.51300000000003,89.057,425.941
56170.449,2716.2290000000003,322466.034,5120.05,581.056,99.302,447.999
60149.09099999999,2999.923,342292.23299999995,4750.435,668.1139999999999,100.01899999999999,472.73900000000003
60198.764,3425.0440000000003,359728.835,5386.811,668.8710000000001,122.53200000000001,499.589
49199.764,3020.0759999999996,315281.732,4856.6320000000005,643.201,95.249,432.652
48347.845,2928.525,326903.253,4812.474,567.54,80.252,448.421
37282.224,2213.498,296952.61100000003,5041.197,452.81199999999995,67.007,383.101
44060.166,2135.137,330660.82300000003,5101.905,400.342,96.791,398.972
48267.03,2120.269,353239.355,5134.581,372.165,88.015,401.852
59801.968,2395.18,410364.891,5337.118,358.108,100.744,442.42699999999996
56310.744000000006,2435.169,401731.655,5372.51,408.19599999999997,98.238,443.756
51113.288,2207.12,360759.56899999996,5450.935,348.278,87.365,403.69
41517.648,2307.468,320517.645,5435.91,420.04,60.321999999999996,404.47
45869.143,2784.228,315897.352,5297.732,586.7080000000001,70.312,432.71
44574.785,3171.583,338536.158,5072.86,630.741,83.499,455.25800000000004
40771.261,3320.552,342019.11,5219.143,643.927,90.525,450.19199999999995
36011.703,3058.5190000000002,319698.106,5240.934,619.794,81.241,418.213
32842.827000000005,2721.99,309869.696,5317.735,521.605,82.435,387.61300000000006
26754.132999999998,2256.849,279846.214,4205.670999999999,440.671,75.7,305.204
29783.502,2072.161,304836.826,4670.505999999999,445.14300000000003,78.92399999999999,317.467
39797.904,2127.9139999999998,351967.19,4865.208,392.526,99.618,347.744
52852.356,2464.089,409871.26,5189.11,356.88699999999994,102.90899999999999,403.75699999999995
53610.33900000001,2399.535,398535.593,5277.888000000001,352.07,97.726,405.82599999999996
41827.721,2151.18,333493.037,5144.516,405.00800000000004,70.589,363.85699999999997
37392.536,2315.8920000000003,313703.439,5285.616,447.655,70.186,371.087
37873.817,2441.945,301402.964,5576.809,504.48699999999997,80.301,372.57800000000003
47175.003,3182.8259999999996,344523.41299999994,5462.344,592.504,96.64200000000001,436.315
49009.762,3336.075,349240.773,5448.365,654.692,95.867,449.48
51520.742,3096.808,323899.407,3970.723,713.692,148.063,420.468
38330.784,2639.046,311376.971,4983.5,584.752,84.79299999999999,400.663
33633.784,2270.737,293322.38899999997,5473.4619999999995,493.069,73.766,368.81800000000004
39281.849,2115.0589999999997,320174.392,5610.28,441.645,80.259,377.241
51589.707,2240.571,373872.07200000004,5723.214,406.279,83.635,404.71
60022.263,2415.6,405648.924,5437.224,367.54900000000004,91.595,431.615
59903.694,2435.6,412885.749,5754.229,354.959,112.03399999999999,437.754
47960.25,2135.6479999999997,347711.724,5674.495,403.329,94.553,389.459
39435.282999999996,2258.209,318754.235,5617.376,467.88300000000004,89.14399999999999,388.957
36554.636,2680.171,314254.446,5390.411,559.3,103.265,403.788
38367.696,3001.1609999999996,337161.75399999996,5569.941,629.5740000000001,93.045,429.54900000000004
52357.441,3591.691,377106.44200000004,5564.222,689.5419999999999,190.326,478.522
43430.378,3061.123,326930.707,5552.723000000001,744.047,102.12899999999999,422.591
37946.865,2781.491,324771.623,5501.441,588.882,83.68299999999999,418.88
34267.185,2367.455,303323.604,5426.861999999999,486.714,76.434,375.273
38500.672,2242.38,342215.44200000004,5300.325,430.155,91.59200000000001,382.566
45133.892,2317.9570000000003,380648.53799999994,5811.186,399.12,95.145,398.07599999999996
52853.777,2582.948,424013.445,6055.821,352.50199999999995,86.92,427.88199999999995
51704.667,2559.494,412709.726,5780.709,350.07599999999996,91.309,430.153
40626.942,2288.491,350722.26,5920.2609999999995,396.31,97.88799999999999,387.889
35007.109,2366.092,314110.952,5753.774,467.504,92.919,385.849
35810.471,2774.152,322958.838,5615.659000000001,541.07,92.905,408.11
45104.312999999995,3385.1609999999996,363624.583,4669.612,634.9209999999999,249.199,454.091
